Workbook
Name EZ_Control: 기준정보!$D$158
Name Isolation_Module: 기준정보!$D$169:$D$170
Name Linear_servo_FC: 기준정보!$D$2:$D$81
Name Linear_servo_PC: 기준정보!$D$83:$D$142
Name Mini_SW: 기준정보!$D$144:$D$151
Name Model: [1]기준정보!$B$2:$B$11
Name Model: 기준정보!$B$2:$B$16
Name Nano_SW: 기준정보!$D$153:$D$155
Name Raspberry_Pi: 기준정보!$D$161
Name Round_Servo: 기준정보!$D$173:$D$175
Name Servo_Testshield: 기준정보!$D$160
Name UART_Interface: 기준정보!$D$167
Name USB_Interface: 기준정보!$D$164:$D$165
Name 검사결과: [2]기준정보!$H$2:$H$3
Name 검사방법: [1]기준정보!$E$2:$E$3
Name 검사방법: 기준정보!$E$2:$E$4
Name 규격: [1]기준정보!$D$2:$D$157
Name 규격: 기준정보!$D$2:$D$168
Name 도번: #REF!
Name 도번: #REF!

Sheet 월 품질 현황
A1: 2025년도 공정 검사 현황
A2: 년 | B2: 항목／월 | C2: 1 | D2: 2 | E2: 3 | F2: 4 | G2: 5 | H2: 6 | I2: 7 | J2: 8 | K2: 9 | L2: 10 | M2: 11 | N2: 12 | O2: 합계 | P2: 평균 | R2: 2025년도 | U2: 2024년도 | AG2: #제조 일자 표기
A3: 2025년 | B3: 검사 수 | C3: ='1월'!C3 -> 548 | D3: ='2월'!C3 -> 415 | E3: ='3월'!C3 -> 712 | F3: ='4월'!C3 -> 836 | G3: ='5월'!C3 -> 821 | H3: ='6월'!C3 -> 1013 | I3: ='7월'!C3 -> 968 | J3: ='8월'!C3 -> 868 | K3: ='9월'!C3 -> 922 | L3: ='10월'!C3 -> 594 | M3: ='11월'!C3 -> 430 | N3: ='12월'!C3 -> 413 | O3: =SUM(C3:N3) -> 8540 | P3: =AVERAGEIF(C3:N3,">0") -> 711.66667 | R3: 항목 기간 | S3: 품질 목표 | T3: 불량% | U3: 항목 기간 | V3: 품질 목표 | W3: 불량% | AG3: 년 | AH3: 표기 | AJ3: 월(알파벳순)
B4: 불량 수 | C4: ='1월'!F3 -> 15 | D4: ='2월'!F3 -> 18 | E4: ='3월'!F3 -> 17 | F4: ='4월'!F3 -> 8 | G4: ='5월'!F3 -> 12 | H4: ='6월'!F3 -> 7 | I4: ='7월'!F3 -> 7 | J4: ='8월'!F3 -> 6 | K4: ='9월'!F3 -> 11 | L4: ='10월'!F3 -> 7 | M4: ='11월'!F3 -> 5 | N4: ='12월'!F3 -> 2 | O4: =SUM(C4:N4) -> 115 | P4: =AVERAGEIF(C4:N4,">0") -> 9.5833333 | R4: 상반기 | S4: 0.03 | T4: =IFERROR((SUM(C4:H4)/SUM(C3:H3)*100),"0") -> 1.7721519 | U4: 상반기 | V4: 0.05 | W4: 1.84 | AG4: 2017 | AH4: 0 | AJ4: A | AK4: B | AL4: C | AM4: D | AN4: E | AO4: F | AP4: G | AQ4: H | AR4: I | AS4: J | AT4: K | AU4: L
B5: 2025년 불량% | C5: =IFERROR(C4*100/C3,"0") -> 2.7372263 | D5: =IFERROR(D4*100/D3,"0") -> 4.3373494 | E5: =IFERROR(E4*100/E3,"0") -> 2.3876404 | F5: =IFERROR(F4*100/F3,"0") -> 0.9569378 | G5: =IFERROR(G4*100/G3,"0") -> 1.4616322 | H5: =IFERROR(H4*100/H3,"0") -> 0.69101678 | I5: =IFERROR(I4*100/I3,"0") -> 0.7231405 | J5: =IFERROR(J4*100/J3,"0") -> 0.69124424 | ... O5: =IFERROR(O4*100/O3,"0") -> 1.3466042 | P5: =AVERAGEIF(C5:N5,">0") -> 1.5003958 | R5: 하반기 | S5: 0.03 | T5: =IFERROR((SUM(I4:N4)/SUM(I3:N3)*100),"0") -> 0.90584029 | U5: 하반기 | V5: 0.05 | W5: 2.35 | AF5: 2018 | AG5: 1 | AI5: 1 | AJ5: 2 | AK5: 3 | AL5: 4 | AM5: 5 | AN5: 6 | AO5: 7 | AP5: 8 | AQ5: 9 | AR5: 10 | AS5: 11 | AT5: 12
B6: 유효 생산 수 | C6: =C3-C4 -> 533 | D6: =D3-D4 -> 397 | E6: =E3-E4 -> 695 | F6: =F3-F4 -> 828 | G6: =G3-G4 -> 809 | H6: =H3-H4 -> 1006 | I6: =I3-I4 -> 961 | J6: =J3-J4 -> 862 | ... N6: =N3-N4 -> 411 | O6: =SUM(C6:N6) -> 8425 | P6: =AVERAGEIF(C6:N6,">0") -> 702.08333 | R6: 년간 | S6: =O5 -> 1.3466042 | U6: 년간 | V6: 2.14 | AG6: 2019 | AH6: 2
A7: 2024년 | B7: 검사 수 | C7: 566 | D7: 288 | E7: 639 | F7: 602 | G7: 1005 | H7: 1081 | I7: 723 | J7: 1543 | K7: 663 | L7: 616 | M7: 1168 | N7: 1104 | O7: 9998 | P7: =AVERAGEIF(C7:N7,">0") -> 833.16667 | AH7: 2020 | AI7: 3
B8: 2024년 불량% | C8: 3.36 | D8: 2.43 | E8: 1.72 | F8: 2.33 | G8: 1.39 | H8: 1.11 | I8: 3.04 | J8: 1.48 | K8: 4.52 | L8: 4.38 | M8: 1.88 | N8: 1.18 | O8: 2.14 | P8: =AVERAGEIF(C8:N8,">0") -> 2.4016667 | AH8: 2021 | AI8: 4
B9: 유효 생산 수 | C9: 547 | D9: 281 | E9: 628 | F9: 588 | G9: 991 | H9: 1069 | I9: 701 | J9: 1520 | K9: 633 | L9: 589 | M9: 1146 | N9: 1091 | O9: 9784 | P9: =AVERAGEIF(C9:N9,">0") -> 815.33333 | AH9: 2022 | AI9: 5
AG10: 2023 | AH10: 6
AG11: 2024 | AH11: 7
AG12: 2025 | AH12: 8
AG13: 2026 | AH13: 9
AG14: 2027 | AH14: 10
AG15: 2028 | AH15: 11
B17: 월 평균 생산 수 | C17: =O17 -> 728.54545 | D17: =O17 -> 728.54545 | E17: =O17 -> 728.54545 | F17: =O17 -> 728.54545 | G17: =O17 -> 728.54545 | H17: =O17 -> 728.54545 | I17: =O17 -> 728.54545 | J17: =O17 -> 728.54545 | K17: =O17 -> 728.54545 | L17: =O17 -> 728.54545 | M17: =O17 -> 728.54545 | N17: =O17 -> 728.54545 | O17: =AVERAGE(C6:M6) -> 728.54545
B18: 목표% | C18: 3 | D18: 3 | E18: 3 | F18: 3 | G18: 3 | H18: 3 | I18: 3 | J18: 3 | K18: 3 | L18: 3 | M18: 3 | N18: 3
B19: 연간 불량% | C19: =$O$5 -> 1.3466042 | D19: =$O$5 -> 1.3466042 | E19: =$O$5 -> 1.3466042 | F19: =$O$5 -> 1.3466042 | G19: =$O$5 -> 1.3466042 | H19: =$O$5 -> 1.3466042 | I19: =$O$5 -> 1.3466042 | J19: =$O$5 -> 1.3466042 | ... N19: =$O$5 -> 1.3466042
A38: #1. 100/64 N New firmware 적용 및 검사 완료 Sticker blue to yellow 첫 적용
A39: #2. 이구스 대체 Metal Rod 첫 적용 | V39: #. Inspection sticker 구분
A40: #3. Hysterisis 및 Recalibration 오작동 관련 Firmware 수정 : 대상 F , PT Version 1차 수정시 Over load protection program 관련 오류로 2차 Program 수정 후 기존 검사 품 재작업. | V40: Color | W40: 변경 내용
A41: #4. 특정(지정) Buyer 를 제외 하고 20N 이상 제품 Rod SUS로 교체 적용 (AUG. 2018) | P41: # Firmware version 구분 | W41: TVS Diode 적용
A42: #5. D12-12PT-3 Lead screw 변경 (1월 31일) | P42: No. | Q42: Model | R42: Version | S42: Sticker | T42: update | W42: Program Reset 시 Over load protect function 해제 문제
A43: #6. L12-20PT-4 Bounding 문제로 Firmware 수정 적용 | P43: 1 | Q43: D7-6PT-3 | R43: 3 | T43: 4 | W43: Over load protect 설정에 따라 Reset 시 Recalibration 및 Hysterisis 적용
A44: #7. L12-80F-6 Overshoot에 의한 bounding 개선으로 firmware 수정 (Version "0" to "1"). | P44: 2 | Q44: D7-12PT-3 | R44: 3 | T44: 4
A45: #8. L12-100F-3 Force limit 미작동 수정 firmware (3D25_v4) | P45: 3 | Q45: L7-40PT-3 | R45: 3
A46: #9. New Over load Protection 적용 변경 6월 | P46: 4 | Q46: L7-20PT-3 | R46: 4 | T46: 5
A47: #10. Firmware 변경 사항(2019년 2월 22일 단순 메일 공지 첨부 서류 또는 ECO 없음) | P47: 5 | Q47: L7-100PT-3 | R47: 2
P48: 6 | Q48: D12-6PT-3 | R48: 3
P49: 7 | Q49: D12-12PT-3 | R49: 3 | T49: 4
P50: 8 | Q50: L12-20F-3 | R50: 3 | T50: 4
P51: 9 | Q51: L12-40F-3 | R51: 3 | T51: 4
P52: 10 | Q52: L12-64F-3 | R52: 2
P53: 11 | Q53: L12-100F-3 | R53: 2
P54: 12 | Q54: L12-20PT-3 | R54: 5
P55: 13 | Q55: L12-40PT-3 | R55: 3
P56: 14 | Q56: L12-64PT-3 | R56: 2 | T56: 3
P57: 15 | Q57: L12-100PT-3 | R57: 2
P58: 16 | Q58: L12-17PT-6 | R58: 0 | T58: 1
P59: 17 | Q59: L12-20PT-6 | R59: 0 | T59: 1
P60: 18 | Q60: L12-31PT-6 | R60: 0 | T60: 1
P61: 19 | Q61: L12-80PT-6 | R61: 0 | T61: 1
P62: 20 | Q62: L12-17F-6 | R62: 0 | T62: 1
P63: 21 | Q63: L12-20F-6 | R63: 0 | T63: 1
P64: 22 | Q64: L12-31F-6 | R64: 0 | T64: 1
P65: 23 | Q65: L12-80F-6 | R65: 0 | T65: 1
P66: 24 | Q66: D12-6F-3 | R66: 1
P67: 25 | Q67: D12-12F-3 | R67: 1
Q69: # 2020년 7월 15일부터 "Warranty" sticker 만 붙임 검사 완료 sticker는 삭제
A81: #11. FC Version 첫 정기 공정 검사 2020년 2월
A83: #12. 설계 변경된 이구스 Insert 사용 2020년 3월 25일 | F83: # 제조일자 Version 표시 v1.6, 검사 완료 sticker, green color로 교체
Q96: #16. 2021년 문제 수정 Firmware program 적용 2021-02-05 PC Version only
Q97: #문제/해결
Q98: 1) Low Voltage LED Alarm 안됨: 7V LED Alarm on
A99: #13. IR-CT01 POT/POT Knob 설변 적용, IO(IO13, 회로도에는 Pin에 D3로 잘못 표기됨) 동작 안되는 불량 문제 PCB 패턴 수정 완료 2021-01-19 | Q99: 2) Center difference 틀어지는 문제: Center difference 조정 할 수 없도록 program 변경
Q100: 3) Goal Position data 와 Monitoring data가 다른 문제: data 값 5미만
A101: #14. L12-100PT-3MI "Asyril" PWM, TTL Short stroke 위치 오차 관련 | Q101: 4) PT Version 의 경우 TTL 과 PWM 위치가 길이로 1mm 정도 차이나는 문제: 90mm제외하고0.1mm 미만
A102: 1) Issued date: 2020년 10월 | Q102: 5) 생산 제품 표기 v1.6에서 v1.7로 변경 표기
A103: 2) Buyer: Asyril
A104: 3) Complaint: PWM과 TTL Short stroke 위치 값 차이 1mm | Q104: #17 PC Version 제품 Version 표기 및 내부 firmware version 관리 지침 확인 2021-02-10
A105: 4) Improve: 우선 Asyril 제품에 한하여 개선 Firmware 적용(2021년 1월28일) | Q105: 1. 제품 표기 coreless 제품에 한하여 v1.7로 통일:연구소 내부 firmware version 관리 방안에따라
A106: 5) 개선 및 추가 분석 Report | Q106: 1.7G로 표기된 내용을 그대로 제품 외관 표기에 적용
Q107: 2. 제품마다 Manager상에 나타나는 firmware version 은 제각각 다르며 "1"번항의 표기는 내부 관리
Q108: 방안임.
Q109: 3. 1.7G에 따른 내부 관리 또는 확인.
Q110: 연구소에서는 1.7로 표기되는 내용에 대하여 Firmware 변경의 기술적 이력 추적이 가능하다고함.
Q112: #18. Rework Product.
Q118: #23. 은성 설계 변경
Q119: 1. 문제: Metal Rod 사용 제품 연속 사용시 온도 상승 하다가 shut down됨.
Q120: 2. 원인: 연구소 원인 검토 결과firmware shut down program 되어 있으며 SUS Rod 및 이구스 insert 등의 기존 부하와
A121: #19. 은성 글로벌 제품 Model 규격 변경 및 Rod 재질 변경 재작업 생산. 2023년 5월3일 | Q121: 달라진 부분이 연속 동작시 온도를 상승하게함.
Q122: 3. 해결: firmware의 가감속 부분 수정 Test 완료하여 은성 연구소에 최종 test 의뢰한 결과 아래와 같은 내용으로 개선 통과 양산
A123: #20. TVS Diode 최초 외주 재작업 적용 2023년 5월 3일 "7E03" | Q123: 요청. 2024년 3월 6일 첫 생산
A125: #21 Cored 제품 V22 최초 적용 2023-05-16 Progressive Automation + 아이씨뱅큐 D12-6PT-3 2pcs
A127: #22. PA사 BSCI 납품용 제품 Goal Position 측정 자료
A129: #24. JMT 내방 생산 PP L12-20F-3 (2024-05-13) 제조일자 8F03_v21, 본생산 제품 2024-05, 06
A131: #25. 17파이 firmware V1.1.0 첫적용 2024년 11월 7일

Sheet SW Version

Sheet Refirm 내용

Sheet 연구소 PC Ver 설계 변경 내용
B2: PC Ver 설계 변경내용
B5: Ver | C5: 적용 일자 | D5: 변경파일 | E5: 변경전 | F5: 변경후 | G5: 업데이트 목적
B6: 1.4G | C6: 2019.3.15 | D6: PID값 변경 | E6: - | F6: PID 제어값 개선 | G6: 모션종단의 간헐적 지터현상 개선
D7: Overload Shutdown 레벨 조정 | E7: - | F7: Overload Shutdonw 기능 덜 민감하게 조정
D8: Low voltage error 범위 조정(12V) | E8: 9V ~ 13V 범위 밖 | F8: 13V 이상에서만 에러 발생(하한값 제거)
D9: Low voltage error 범위 조정(7.4V) | E9: 6V ~ 8.9V 범위 밖 | F9: 8.9V 이상에서만 에러 발생(하한값 제거)
D10: Overload Shutdown 리셋 | E10: 전원 재 인가시에만 서보 재 시작 | F10: Overload shutdonw 이후, Restaret 명령을 이용해 리셋
B11: 1.5G | C11: 2019.07.22 | D11: Overload Protection | E11: 모델 별 개별 SPEC | F11: 전 제품 30초 연속 가동시 Motor Cut off(위치 변동 x)
D12: Force Limit 기능 삭제 | F12: Force Limit 기능 삭제
D13: Max Force 명칭 변경 | E13: Max Force | F13: Motor Operating Rate로 변경
D14: Motor Operatuing rate 범위 | E14: 0~1023 | F14: 400~1023 | G14: 400이하시 모터 미동작
D15: Speed 파라메터 제거 | E15: 부자연 스러운 속도제어 | F15: Motor Operating Rate변경을 통한 간이속도 제어 | G15: 부자연 스러운 속도제어
D16: 장애물 감지 | F16: 장애물감지시 Force Limit를 400으로 set
D17: Compliance Margin | F17: Start Compliance와 End Compliance margin으로 변경
B18: 1.6G | C18: 2020.05.18 | D18: Calibration.c | E18: Calibration start pwm 400 | F18: Calibration start pwm 800
B20: 1.7G | C20: 2020.10.14 | D20: SV.c(12V lineup only) | E20: #define DEFAULT_DOWN_LIMIT_VOLTAGE 90 | F20: #define DEFAULT_DOWN_LIMIT_VOLTAGE 70
D21: SV.c | E21: #define DEFAULT_CW_COMPLIANCE_MARGIN xx #define DEFAULT_CCW_COMPLIANCE_MARGIN xx | F21: #define DEFAULT_CW_COMPLIANCE_MARGIN 7 #define DEFAULT_CCW_COMPLIANCE_MARGIN 7 | G21: Margin 값 통일
D22: Error.c | E22: Low Voltage Error 미확인 | F22: Low Voltage Error 확인
D23: MotorDirve.c | E23: Moving Update 안함 | F23: Moving Update 추가 | G23: Moving 함수 미적용(부정확 동작)
D24: PulsePositioncontrol.c | F24: GoalPosition값에 끝단 자르는값 적용 | G24: PWM/TTL '0'위치 미일치
G25: 모터 정지시 Break
D26: Protocol_RxProcess.c | F26: 0x84에 ㅡMotor Stop 기능 추가 정지 시 현지위치값을 GoalPosition 값으로 저장
B27: 1.8G | C27: 2021.02.18 | D27: TTL/PWM 동기화 | E27: TT/PWM 신호 동기화 | F27: TTL/PWM 신호 동기화
D28: center difference | E28: 수정가능 | F28: 수정불가
B29: 1.9G | C29: 2021.02.22 | D29: Force Off | E29: force Off후 반대 방향 이동 시 튀는현상 (수정 후 발생) Force Off후에도 Overload 발생 (수정 후 발생) | F29: force Off후 반대방향 이동에도 튀지 않음 Force Off후에도 Overload 발생하지 않음
B30: V20 | C30: 2021.10.04 | D30: Baudrate 38400 | E30: 미지원 | F30: 지원
D31: 메모리 안정화 | E31: 부팅시 메모리 쓰기 진행 | F31: 부팅시 메모리 쓰기 안함
D32: 전원 부팅시 Force Enable | E32: 전원 부팅시 Force Disable | F32: 전원 부팅시 Force Enable
D33: Return Delay | E33: 0~255 | F33: Baudrate에 따른 고정값으로 변경
D34: PWN 통신 | E34: 작은 노이즈에도 PWM 반응 | F34: 노이즈에 의한 오동작 방지
D35: Position Calibration | E35: 미지원 | F35: Min/Max Position Calibration 기능 추가
D36: Acceleration Rate/ Deceleration Rate | E36: 값에 대한 변화가 적음 | F36: 부드러운 제어 기능
D37: Erroe state | E37: Instruction Error Overload Error checksum Error Range Error Stroke Limit Error Input Voltage Error | F37: Overload Error Input Voltage Error
D38: Stroke Pulse with | E38: 변경가능 | F38: 변경 불가능
D39: Center Difference | E39: 변경가능 | F39: 파라메터 삭제 ->고정값
D40: Punch/Punch Initial Value | E40: 지원 | F40: Acc 기능에 포함
D41: Compliacne Margin | E41: 고정값 | F41: FC에서 제공하던 Start /End Compliance Margin 추가
D42: 제품 표기 | E42: V1.8 | F42: V20
B43: V21 | C43: 2022.01.14 | D43: Min Position Calibratiion | E43: 미지원 | F43: 지원
D44: Max Position Calibratiion | E44: 미지원 | F44: 지원

Sheet Model별 품질현황
I1: 검사수 | J1: 불량수 | K1: 양품수 | L1: 불량%
A2: No. | B2: Model | C2: 검사 수[EA] | D2: 불량 수[EA] | E2: 불량[%] | H2: 합계 | I2: =SUM(C3:C176) -> 8540 | J2: =SUM(D3:D176) -> 115 | K2: =I2-J2 -> 8425 | L2: =J2/I2 -> 0.013466042
A3: 125 | B3: 12Lf-55PT-40 | C3: =SUM('생산 현황'!C127) -> 8 | D3: =SUM('생산 현황'!D127) -> 5 | E3: =SUM('생산 현황'!E127) -> 62.5
A4: 137 | B4: 12Lf-17PT-53 | C4: =SUM('생산 현황'!C139) -> 14 | D4: =SUM('생산 현황'!D139) -> 4 | E4: =SUM('생산 현황'!E139) -> 28.571429
A5: 121 | B5: 12Lf-17PT-40 | C5: =SUM('생산 현황'!C123) -> 18 | D5: =SUM('생산 현황'!D123) -> 3 | E5: =SUM('생산 현황'!E123) -> 16.666667
A6: 150 | B6: 12Lf-55F-53 | C6: =SUM('생산 현황'!C152) -> 6 | D6: =SUM('생산 현황'!D152) -> 1 | E6: =SUM('생산 현황'!E152) -> 16.666667
A7: 156 | B7: 12Lf-17F-90 | C7: =SUM('생산 현황'!C158) -> 17 | D7: =SUM('생산 현황'!D158) -> 2 | E7: =SUM('생산 현황'!E158) -> 11.764706
A8: 148 | B8: 12Lf-27F-53 | C8: =SUM('생산 현황'!C150) -> 17 | D8: =SUM('생산 현황'!D150) -> 2 | E8: =SUM('생산 현황'!E150) -> 11.764706
A9: 126 | B9: 12Lf-78PT-40 | C9: =SUM('생산 현황'!C128) -> 17 | D9: =SUM('생산 현황'!D128) -> 2 | E9: =SUM('생산 현황'!E128) -> 11.764706
A10: 133 | B10: 12Lf-55F-40 | C10: =SUM('생산 현황'!C135) -> 19 | D10: =SUM('생산 현황'!D135) -> 2 | E10: =SUM('생산 현황'!E135) -> 10.526316
A11: 163 | B11: 17Lf-50F-37 | C11: =SUM('생산 현황'!C165) -> 11 | D11: =SUM('생산 현황'!D165) -> 1 | E11: =SUM('생산 현황'!E165) -> 9.0909091
A12: 119 | B12: 12Lf-10PT-40 | C12: =SUM('생산 현황'!C121) -> 22 | D12: =SUM('생산 현황'!D121) -> 2 | E12: =SUM('생산 현황'!E121) -> 9.0909091
A13: 164 | B13: 17Lf-17F-50 | C13: =SUM('생산 현황'!C166) -> 22 | D13: =SUM('생산 현황'!D166) -> 2 | E13: =SUM('생산 현황'!E166) -> 9.0909091
A14: 152 | B14: 12Lf-10PT-90 | C14: =SUM('생산 현황'!C154) -> 16 | D14: =SUM('생산 현황'!D154) -> 1 | E14: =SUM('생산 현황'!E154) -> 6.25
A15: 169 | B15: 17Lf-50F-87 | C15: =SUM('생산 현황'!C171) -> 49 | D15: =SUM('생산 현황'!D171) -> 3 | E15: =SUM('생산 현황'!E171) -> 6.122449
A16: 131 | B16: 12Lf-27F-40 | C16: =SUM('생산 현황'!C133) -> 33 | D16: =SUM('생산 현황'!D133) -> 2 | E16: =SUM('생산 현황'!E133) -> 6.0606061
A17: 154 | B17: 12Lf-27PT-90 | C17: =SUM('생산 현황'!C156) -> 34 | D17: =SUM('생산 현황'!D156) -> 2 | E17: =SUM('생산 현황'!E156) -> 5.8823529
A18: 58 | B18: 17Lf-70F-27 | C18: =SUM('생산 현황'!C60) -> 37 | D18: =SUM('생산 현황'!D60) -> 2 | E18: =SUM('생산 현황'!E60) -> 5.4054054
A19: 129 | B19: 12Lf-17F-40 | C19: =SUM('생산 현황'!C131) -> 114 | D19: =SUM('생산 현황'!D131) -> 6 | E19: =SUM('생산 현황'!E131) -> 5.2631579
A20: 166 | B20: 17Lf-50F-50 | C20: =SUM('생산 현황'!C168) -> 42 | D20: =SUM('생산 현황'!D168) -> 2 | E20: =SUM('생산 현황'!E168) -> 4.7619048
A21: 127 | B21: 12Lf-10F-40 | C21: =SUM('생산 현황'!C129) -> 46 | D21: =SUM('생산 현황'!D129) -> 2 | E21: =SUM('생산 현황'!E129) -> 4.3478261
A22: 77 | B22: L12-80F-4 | C22: =SUM('생산 현황'!C79) -> 207 | D22: =SUM('생산 현황'!D79) -> 9 | E22: =SUM('생산 현황'!E79) -> 4.3478261
A23: 168 | B23: 17Lf-27F-87 | C23: =SUM('생산 현황'!C170) -> 25 | D23: =SUM('생산 현황'!D170) -> 1 | E23: =SUM('생산 현황'!E170) -> 4
A24: 80 | B24: L12-20F-6 | C24: =SUM('생산 현황'!C82) -> 54 | D24: =SUM('생산 현황'!D82) -> 2 | E24: =SUM('생산 현황'!E82) -> 3.7037037
A25: 68 | B25: 12D-12S-15 | C25: =SUM('생산 현황'!C70) -> 30 | D25: =SUM('생산 현황'!D70) -> 1 | E25: =SUM('생산 현황'!E70) -> 3.3333333
A26: 142 | B26: 12Lf-78PT-53 | C26: =SUM('생산 현황'!C144) -> 62 | D26: =SUM('생산 현황'!D144) -> 2 | E26: =SUM('생산 현황'!E144) -> 3.2258065
A27: 153 | B27: 12Lf-17PT-90 | C27: =SUM('생산 현황'!C155) -> 31 | D27: =SUM('생산 현황'!D155) -> 1 | E27: =SUM('생산 현황'!E155) -> 3.2258065
A28: 50 | B28: 12Lf-35PT-27 | C28: =SUM('생산 현황'!C52) -> 80 | D28: =SUM('생산 현황'!D52) -> 2 | E28: =SUM('생산 현황'!E52) -> 2.5
A29: 46 | B29: 12Lf-12PT-27 | C29: =SUM('생산 현황'!C48) -> 96 | D29: =SUM('생산 현황'!D48) -> 2 | E29: =SUM('생산 현황'!E48) -> 2.0833333
A30: 49 | B30: 12Lf-20PT-27 | C30: =SUM('생산 현황'!C51) -> 150 | D30: =SUM('생산 현황'!D51) -> 3 | E30: =SUM('생산 현황'!E51) -> 2
A31: 39 | B31: 12Lf-100F-27 | C31: =SUM('생산 현황'!C41) -> 386 | D31: =SUM('생산 현황'!D41) -> 6 | E31: =SUM('생산 현황'!E41) -> 1.5544041
A32: 55 | B32: 12Lf-12PT-27EL | C32: =SUM('생산 현황'!C57) -> 67 | D32: =SUM('생산 현황'!D57) -> 1 | E32: =SUM('생산 현황'!E57) -> 1.4925373
A33: 157 | B33: 12Lf-27F-90 | C33: =SUM('생산 현황'!C159) -> 70 | D33: =SUM('생산 현황'!D159) -> 1 | E33: =SUM('생산 현황'!E159) -> 1.4285714
A34: 23 | B34: L12-100F-3 | C34: =SUM('생산 현황'!C25) -> 213 | D34: =SUM('생산 현황'!D25) -> 3 | E34: =SUM('생산 현황'!E25) -> 1.4084507
A35: 53 | B35: 12Lf-100PT-27 | C35: =SUM('생산 현황'!C55) -> 78 | D35: =SUM('생산 현황'!D55) -> 1 | E35: =SUM('생산 현황'!E55) -> 1.2820513 | G35: Model | I35: Dead | J35: GC 200 | K35: LED | L35: Noise | M35: Straightness | N35: Speed | O35: Chattering | P35: Bounding | Q35: Over Current | R35: Hinge Nut | S35: Stroke | T35: Slip | U35: Jitter | V35: CH Dead | W35: Screw Missing | X35: MP | Y35: S/C | Z35: Gap | AA35: ETC | AB35: 합계
A36: 86 | B36: L12-80F-6 | C36: =SUM('생산 현황'!C88) -> 102 | D36: =SUM('생산 현황'!D88) -> 1 | E36: =SUM('생산 현황'!E88) -> 0.98039216 | G36: =B3 -> 12Lf-55PT-40 | I36: =SUMIF(불량유형!$A$43:$A$222,'Model별 품질현황'!$G$36,불량유형!B43:B222) -> 0 | J36: =SUMIF(불량유형!$A$43:$A$222,'Model별 품질현황'!$G$36,불량유형!C43:C222) -> 0 | K36: =SUMIF(불량유형!$A$43:$A$222,'Model별 품질현황'!$G$36,불량유형!D43:D222) -> 0 | L36: =SUMIF(불량유형!$A$43:$A$222,'Model별 품질현황'!$G$36,불량유형!E43:E222) -> 0 | M36: =SUMIF(불량유형!$A$43:$A$222,'Model별 품질현황'!$G$36,불량유형!F43:F222) -> 0 | N36: =SUMIF(불량유형!$A$43:$A$222,'Model별 품질현황'!$G$36,불량유형!G43:G222) -> 0 | O36: =SUMIF(불량유형!$A$43:$A$222,'Model별 품질현황'!$G$36,불량유형!H43:H222) -> 0 | P36: =SUMIF(불량유형!$A$43:$A$222,'Model별 품질현황'!$G$36,불량유형!I43:I222) -> 0 | ... AA36: =SUMIF(불량유형!$A$43:$A$222,'Model별 품질현황'!$G$36,불량유형!T43:T222) -> 0 | AB36: =SUM(I36:AA36) -> 5
A37: 73 | B37: L12-30F-4 | C37: =SUM('생산 현황'!C75) -> 103 | D37: =SUM('생산 현황'!D75) -> 1 | E37: =SUM('생산 현황'!E75) -> 0.97087379 | G37: =B4 -> 12Lf-17PT-53 | I37: =SUMIF(불량유형!$A$43:$A$222,'Model별 품질현황'!$G$37,불량유형!B43:B222) -> 0 | J37: =SUMIF(불량유형!$A$43:$A$222,'Model별 품질현황'!$G$37,불량유형!C43:C222) -> 0 | K37: =SUMIF(불량유형!$A$43:$A$222,'Model별 품질현황'!$G$37,불량유형!D43:D222) -> 0 | L37: =SUMIF(불량유형!$A$43:$A$222,'Model별 품질현황'!$G$37,불량유형!E43:E222) -> 0 | M37: =SUMIF(불량유형!$A$43:$A$222,'Model별 품질현황'!$G$37,불량유형!F43:F222) -> 0 | N37: =SUMIF(불량유형!$A$43:$A$222,'Model별 품질현황'!$G$37,불량유형!G43:G222) -> 0 | O37: =SUMIF(불량유형!$A$43:$A$222,'Model별 품질현황'!$G$37,불량유형!H43:H222) -> 0 | P37: =SUMIF(불량유형!$A$43:$A$222,'Model별 품질현황'!$G$37,불량유형!I43:I222) -> 2 | ... AA37: =SUMIF(불량유형!$A$43:$A$222,'Model별 품질현황'!$G$37,불량유형!T43:T222) -> 0 | AB37: =SUM(I37:AA37) -> 4
A38: 33 | B38: L12-20PT-3ES | C38: =SUM('생산 현황'!C35) -> 426 | D38: =SUM('생산 현황'!D35) -> 4 | E38: =SUM('생산 현황'!E35) -> 0.93896714 | G38: =B5 -> 12Lf-17PT-40 | I38: =SUMIF(불량유형!$A$43:$A$222,'Model별 품질현황'!$G$38,불량유형!B43:B222) -> 0 | J38: =SUMIF(불량유형!$A$43:$A$222,'Model별 품질현황'!$G$38,불량유형!C43:C222) -> 0 | K38: =SUMIF(불량유형!$A$43:$A$222,'Model별 품질현황'!$G$38,불량유형!D43:D222) -> 1 | L38: =SUMIF(불량유형!$A$43:$A$222,'Model별 품질현황'!$G$38,불량유형!E43:E222) -> 0 | M38: =SUMIF(불량유형!$A$43:$A$222,'Model별 품질현황'!$G$38,불량유형!F43:F222) -> 0 | N38: =SUMIF(불량유형!$A$43:$A$222,'Model별 품질현황'!$G$38,불량유형!G43:G222) -> 0 | O38: =SUMIF(불량유형!$A$43:$A$222,'Model별 품질현황'!$G$38,불량유형!H43:H222) -> 0 | P38: =SUMIF(불량유형!$A$43:$A$222,'Model별 품질현황'!$G$38,불량유형!I43:I222) -> 0 | ... AA38: =SUMIF(불량유형!$A$43:$A$222,'Model별 품질현황'!$G$38,불량유형!T43:T222) -> 0 | AB38: =SUM(I38:AA38) -> 3
A39: 42 | B39: 12Lf-20F-27 | C39: =SUM('생산 현황'!C44) -> 115 | D39: =SUM('생산 현황'!D44) -> 1 | E39: =SUM('생산 현황'!E44) -> 0.86956522 | G39: Total | I39: =SUM(I36:I38) -> 0 | J39: =SUM(J36:J38) -> 0 | K39: =SUM(K36:K38) -> 1 | L39: =SUM(L36:L38) -> 0 | M39: =SUM(M36:M38) -> 0 | N39: =SUM(N36:N38) -> 0 | O39: =SUM(O36:O38) -> 0 | P39: =SUM(P36:P38) -> 2 | ... AB39: =SUM(AB36:AB38) -> 12
A40: 45 | B40: 12Lf-12F-27 | C40: =SUM('생산 현황'!C47) -> 619 | D40: =SUM('생산 현황'!D47) -> 5 | E40: =SUM('생산 현황'!E47) -> 0.80775444 | G40: 점유 % | I40: =IFERROR(I39/AB39*100,"0") -> 0 | J40: =IFERROR(J39/AB39*100,"0") -> 0 | K40: =IFERROR(K39/AB39*100,"0") -> 8.3333333 | L40: =IFERROR(L39/AB39*100,"0") -> 0 | M40: =IFERROR(M39/AB39*100,"0") -> 0 | N40: =IFERROR(N39/AB39*100,"0") -> 0 | O40: =IFERROR(O39/AB39*100,"0") -> 0 | P40: =IFERROR(P39/AB39*100,"0") -> 16.666667 | Q40: =IFERROR(Q39/AB39*100,"0") -> 0 | R40: =IFERROR(R39/AB39*100,"0") -> 0 | S40: =IFERROR(S39/AB39*100,"0") -> 58.333333 | T40: =IFERROR(T39/AB39*100,"0") -> 0 | U40: =IFERROR(U39/AB39*100,"0") -> 0 | V40: =IFERROR(V39/AB39*100,"0") -> 0 | W40: =IFERROR(W39/AB39*100,"0") -> 0 | X40: =IFERROR(X39/AB39*100,"0") -> 16.666667 | Y40: =IFERROR(Y39/AB39*100,"0") -> 0 | Z40: =IFERROR(Z39/AB39*100,"0") -> 0 | AA40: =IFERROR(AA39/AB39*100,"0") -> 0 | AB40: =SUM(I40:AA40) -> 100
A41: 19 | B41: L12-40F-3 | C41: =SUM('생산 현황'!C21) -> 1058 | D41: =SUM('생산 현황'!D21) -> 8 | E41: =SUM('생산 현황'!E21) -> 0.75614367 | G41: 누적 | I41: =I40 -> 0 | J41: =I41+J40 -> 0 | K41: =J41+K40 -> 8.3333333 | L41: =K41+L40 -> 8.3333333 | M41: =L41+M40 -> 8.3333333 | N41: =M41+N40 -> 8.3333333 | O41: =N41+O40 -> 8.3333333 | P41: =O41+P40 -> 25 | Q41: =P41+Q40 -> 25 | ... AA41: =Z41+AA40 -> 100
A42: 38 | B42: 12Lf-35F-27 | C42: =SUM('생산 현황'!C40) -> 160 | D42: =SUM('생산 현황'!D40) -> 1 | E42: =SUM('생산 현황'!E40) -> 0.625
A43: 26 | B43: D12-12PT-3 | C43: =SUM('생산 현황'!C28) -> 181 | D43: =SUM('생산 현황'!D28) -> 1 | E43: =SUM('생산 현황'!E28) -> 0.55248619
A44: 18 | B44: L12-20F-3 | C44: =SUM('생산 현황'!C20) -> 1841 | D44: =SUM('생산 현황'!D20) -> 10 | E44: =SUM('생산 현황'!E20) -> 0.54318305
A45: 16 | B45: L12-100PT-3MI | C45: =SUM('생산 현황'!C18) -> 302 | D45: =SUM('생산 현황'!D18) -> 1 | E45: =SUM('생산 현황'!E18) -> 0.33112583
A46: 13 | B46: L12-40PT-3 | C46: =SUM('생산 현황'!C15) -> 346 | D46: =SUM('생산 현황'!D15) -> 1 | E46: =SUM('생산 현황'!E15) -> 0.28901734
A47: 1 | B47: LS2L-03EL | C47: =SUM('생산 현황'!C3) -> 0 | D47: =SUM('생산 현황'!D3) -> 0 | E47: =SUM('생산 현황'!E3) -> 0
A48: 2 | B48: L7-6PT-3 | C48: =SUM('생산 현황'!C4) -> 0 | D48: =SUM('생산 현황'!D4) -> 0 | E48: =SUM('생산 현황'!E4) -> 0
A49: 3 | B49: L7-12PT-3 | C49: =SUM('생산 현황'!C5) -> 0 | D49: =SUM('생산 현황'!D5) -> 0 | E49: =SUM('생산 현황'!E5) -> 0
A50: 4 | B50: L7-13PT-3 | C50: =SUM('생산 현황'!C6) -> 0 | D50: =SUM('생산 현황'!D6) -> 0 | E50: =SUM('생산 현황'!E6) -> 0
A51: 5 | B51: L7-20PT-3 | C51: =SUM('생산 현황'!C7) -> 0 | D51: =SUM('생산 현황'!D7) -> 0 | E51: =SUM('생산 현황'!E7) -> 0
A52: 6 | B52: L7-40PT-3 | C52: =SUM('생산 현황'!C8) -> 0 | D52: =SUM('생산 현황'!D8) -> 0 | E52: =SUM('생산 현황'!E8) -> 0
A53: 7 | B53: L7-64PT-3 | C53: =SUM('생산 현황'!C9) -> 0 | D53: =SUM('생산 현황'!D9) -> 0 | E53: =SUM('생산 현황'!E9) -> 0
A54: 8 | B54: L7-100PT-3 | C54: =SUM('생산 현황'!C10) -> 0 | D54: =SUM('생산 현황'!D10) -> 0 | E54: =SUM('생산 현황'!E10) -> 0
A55: 9 | B55: L12-6PT-3 | C55: =SUM('생산 현황'!C11) -> 0 | D55: =SUM('생산 현황'!D11) -> 0 | E55: =SUM('생산 현황'!E11) -> 0
A56: 10 | B56: L12-12PT-3 | C56: =SUM('생산 현황'!C12) -> 0 | D56: =SUM('생산 현황'!D12) -> 0 | E56: =SUM('생산 현황'!E12) -> 0
A57: 11 | B57: L12-13PT-3 | C57: =SUM('생산 현황'!C13) -> 0 | D57: =SUM('생산 현황'!D13) -> 0 | E57: =SUM('생산 현황'!E13) -> 0
A58: 12 | B58: L12-20PT-3 | C58: =SUM('생산 현황'!C14) -> 11 | D58: =SUM('생산 현황'!D14) -> 0 | E58: =SUM('생산 현황'!E14) -> 0
A59: 14 | B59: L12-64PT-3 | C59: =SUM('생산 현황'!C16) -> 0 | D59: =SUM('생산 현황'!D16) -> 0 | E59: =SUM('생산 현황'!E16) -> 0
A60: 15 | B60: L12-100PT-3 | C60: =SUM('생산 현황'!C17) -> 0 | D60: =SUM('생산 현황'!D17) -> 0 | E60: =SUM('생산 현황'!E17) -> 0
A61: 17 | B61: L12-12F-3 | C61: =SUM('생산 현황'!C19) -> 1 | D61: =SUM('생산 현황'!D19) -> 0 | E61: =SUM('생산 현황'!E19) -> 0
A62: 20 | B62: L12-40F-3KL | C62: =SUM('생산 현황'!C22) -> 10 | D62: =SUM('생산 현황'!D22) -> 0 | E62: =SUM('생산 현황'!E22) -> 0
A63: 21 | B63: L12-20PT-3EL | C63: =SUM('생산 현황'!C23) -> 0 | D63: =SUM('생산 현황'!D23) -> 0 | E63: =SUM('생산 현황'!E23) -> 0
A64: 22 | B64: L12-64F-3 | C64: =SUM('생산 현황'!C24) -> 0 | D64: =SUM('생산 현황'!D24) -> 0 | E64: =SUM('생산 현황'!E24) -> 0
A65: 24 | B65: D7-6PT-3 | C65: =SUM('생산 현황'!C26) -> 10 | D65: =SUM('생산 현황'!D26) -> 0 | E65: =SUM('생산 현황'!E26) -> 0
A66: 25 | B66: D7-6F-3 | C66: =SUM('생산 현황'!C27) -> 0 | D66: =SUM('생산 현황'!D27) -> 0 | E66: =SUM('생산 현황'!E27) -> 0
A67: 27 | B67: D12-12F-3 | C67: =SUM('생산 현황'!C29) -> 71 | D67: =SUM('생산 현황'!D29) -> 0 | E67: =SUM('생산 현황'!E29) -> 0
A68: 28 | B68: D12-6PT-3 | C68: =SUM('생산 현황'!C30) -> 40 | D68: =SUM('생산 현황'!D30) -> 0 | E68: =SUM('생산 현황'!E30) -> 0
A69: 29 | B69: D12-6F-3 | C69: =SUM('생산 현황'!C31) -> 20 | D69: =SUM('생산 현황'!D31) -> 0 | E69: =SUM('생산 현황'!E31) -> 0
A70: 30 | B70: D7-12PT-3 | C70: =SUM('생산 현황'!C32) -> 10 | D70: =SUM('생산 현황'!D32) -> 0 | E70: =SUM('생산 현황'!E32) -> 0
A71: 31 | B71: D7-12F-3 | C71: =SUM('생산 현황'!C33) -> 0 | D71: =SUM('생산 현황'!D33) -> 0 | E71: =SUM('생산 현황'!E33) -> 0
A72: 32 | B72: LS2L-03ES | C72: =SUM('생산 현황'!C34) -> 0 | D72: =SUM('생산 현황'!D34) -> 0 | E72: =SUM('생산 현황'!E34) -> 0
A73: 34 | B73: 12Lf-100PT-27MI | C73: =SUM('생산 현황'!C36) -> 0 | D73: =SUM('생산 현황'!D36) -> 0 | E73: =SUM('생산 현황'!E36) -> 0
A74: 35 | B74: 12Lf-100F-27MI | C74: =SUM('생산 현황'!C37) -> 0 | D74: =SUM('생산 현황'!D37) -> 0 | E74: =SUM('생산 현황'!E37) -> 0
A75: 36 | B75: L12-100F-3MI | C75: =SUM('생산 현황'!C38) -> 0 | D75: =SUM('생산 현황'!D38) -> 0 | E75: =SUM('생산 현황'!E38) -> 0
A76: 37 | B76: L12-20PT-3DM | C76: =SUM('생산 현황'!C39) -> 0 | D76: =SUM('생산 현황'!D39) -> 0 | E76: =SUM('생산 현황'!E39) -> 0
A77: 40 | B77: 12Lf-55F-27 | C77: =SUM('생산 현황'!C42) -> 44 | D77: =SUM('생산 현황'!D42) -> 0 | E77: =SUM('생산 현황'!E42) -> 0
A78: 41 | B78: 12Lf-75F-27 | C78: =SUM('생산 현황'!C43) -> 35 | D78: =SUM('생산 현황'!D43) -> 0 | E78: =SUM('생산 현황'!E43) -> 0
A79: 43 | B79: 12Df-6F-27 | C79: =SUM('생산 현황'!C45) -> 0 | D79: =SUM('생산 현황'!D45) -> 0 | E79: =SUM('생산 현황'!E45) -> 0
A80: 44 | B80: 12Df-12F-27 | C80: =SUM('생산 현황'!C46) -> 30 | D80: =SUM('생산 현황'!D46) -> 0 | E80: =SUM('생산 현황'!E46) -> 0
A81: 47 | B81: 12Df-6PT-27 | C81: =SUM('생산 현황'!C49) -> 0 | D81: =SUM('생산 현황'!D49) -> 0 | E81: =SUM('생산 현황'!E49) -> 0
A82: 48 | B82: 12Df-12PT-27 | C82: =SUM('생산 현황'!C50) -> 0 | D82: =SUM('생산 현황'!D50) -> 0 | E82: =SUM('생산 현황'!E50) -> 0
A83: 51 | B83: 12Lf-55PT-27 | C83: =SUM('생산 현황'!C53) -> 15 | D83: =SUM('생산 현황'!D53) -> 0 | E83: =SUM('생산 현황'!E53) -> 0
A84: 52 | B84: 12Lf-75PT-27 | C84: =SUM('생산 현황'!C54) -> 14 | D84: =SUM('생산 현황'!D54) -> 0 | E84: =SUM('생산 현황'!E54) -> 0
A85: 54 | B85: 12Lf-35PT-27_TR | C85: =SUM('생산 현황'!C56) -> 0 | D85: =SUM('생산 현황'!D56) -> 0 | E85: =SUM('생산 현황'!E56) -> 0
A86: 56 | B86: 17Lf-20F-27 | C86: =SUM('생산 현황'!C58) -> 50 | D86: =SUM('생산 현황'!D58) -> 0 | E86: =SUM('생산 현황'!E58) -> 0
A87: 57 | B87: 17Lf-35F-27 | C87: =SUM('생산 현황'!C59) -> 40 | D87: =SUM('생산 현황'!D59) -> 0 | E87: =SUM('생산 현황'!E59) -> 0
A88: 59 | B88: 12L-100S-22MI | C88: =SUM('생산 현황'!C61) -> 5 | D88: =SUM('생산 현황'!D61) -> 0 | E88: =SUM('생산 현황'!E61) -> 0
A89: 60 | B89: 12D7-12S-22 | C89: =SUM('생산 현황'!C62) -> 0 | D89: =SUM('생산 현황'!D62) -> 0 | E89: =SUM('생산 현황'!E62) -> 0
A90: 61 | B90: 12DMc-12S-22 | C90: =SUM('생산 현황'!C63) -> 0 | D90: =SUM('생산 현황'!D63) -> 0 | E90: =SUM('생산 현황'!E63) -> 0
A91: 62 | B91: 12D-12S-22 | C91: =SUM('생산 현황'!C64) -> 70 | D91: =SUM('생산 현황'!D64) -> 0 | E91: =SUM('생산 현황'!E64) -> 0
A92: 63 | B92: 12L-35S-22 | C92: =SUM('생산 현황'!C65) -> 30 | D92: =SUM('생산 현황'!D65) -> 0 | E92: =SUM('생산 현황'!E65) -> 0
A93: 64 | B93: 12L-55S-22 | C93: =SUM('생산 현황'!C66) -> 10 | D93: =SUM('생산 현황'!D66) -> 0 | E93: =SUM('생산 현황'!E66) -> 0
A94: 65 | B94: 12L-100S-22 | C94: =SUM('생산 현황'!C67) -> 81 | D94: =SUM('생산 현황'!D67) -> 0 | E94: =SUM('생산 현황'!E67) -> 0
A95: 66 | B95: 12DMc-7S-22 | C95: =SUM('생산 현황'!C68) -> 0 | D95: =SUM('생산 현황'!D68) -> 0 | E95: =SUM('생산 현황'!E68) -> 0
A96: 67 | B96: 12D-6S-15 | C96: =SUM('생산 현황'!C69) -> 0 | D96: =SUM('생산 현황'!D69) -> 0 | E96: =SUM('생산 현황'!E69) -> 0
A97: 69 | B97: 12D-7S-15 | C97: =SUM('생산 현황'!C71) -> 30 | D97: =SUM('생산 현황'!D71) -> 0 | E97: =SUM('생산 현황'!E71) -> 0
A98: 70 | B98: L12-20PT-4 | C98: =SUM('생산 현황'!C72) -> 0 | D98: =SUM('생산 현황'!D72) -> 0 | E98: =SUM('생산 현황'!E72) -> 0
A99: 71 | B99: L12-20F-4 | C99: =SUM('생산 현황'!C73) -> 0 | D99: =SUM('생산 현황'!D73) -> 0 | E99: =SUM('생산 현황'!E73) -> 0
A100: 72 | B100: L12-30PT-4 | C100: =SUM('생산 현황'!C74) -> 0 | D100: =SUM('생산 현황'!D74) -> 0 | E100: =SUM('생산 현황'!E74) -> 0
...

Sheet 불량유형
A1: 불량 유형
A2: 불량 명 | B2: Dead | C2: GC 200 | D2: LED | E2: Noise | F2: Straightness | G2: Speed | H2: Chattering | I2: Bounding | J2: Over Current | K2: IO Dead | L2: Stroke | M2: Slip | N2: Jitter | O2: CH Dead | P2: Screw missing | Q2: MP | R2: S/C | S2: Gap | T2: ETC | U2: 합계
A3: 불량 수 | B3: =B223 -> 18 | C3: =C223 -> 4 | D3: =D223 -> 7 | E3: =E223 -> 9 | F3: =F223 -> 2 | G3: =G223 -> 1 | H3: =H223 -> 2 | I3: =I223 -> 2 | ... T3: =T223 -> 2 | U3: =SUM(B3:T3) -> 116 | W3: #Cause of defect
A4: 점유 % | B4: =IFERROR(B3/U3*100,"0") -> 15.517241 | C4: =IFERROR(C3/U3*100,"0") -> 3.4482759 | D4: =IFERROR(D3/U3*100,"0") -> 6.0344828 | E4: =IFERROR(E3/U3*100,"0") -> 7.7586207 | F4: =IFERROR(F3/U3*100,"0") -> 1.7241379 | G4: =IFERROR(G3/U3*100,"0") -> 0.86206897 | H4: =IFERROR(H3/U3*100,"0") -> 1.7241379 | I4: =IFERROR(I3/U3*100,"0") -> 1.7241379 | J4: =IFERROR(J3/U3*100,"0") -> 6.8965517 | K4: =IFERROR(K3/U3*100,"0") -> 0.86206897 | L4: =IFERROR(L3/U3*100,"0") -> 25 | M4: =IFERROR(M3/U3*100,"0") -> 0.86206897 | N4: =IFERROR(N3/U3*100,"0") -> 1.7241379 | O4: =IFERROR(O3/U3*100,"0") -> 6.0344828 | P4: =IFERROR(P3/U3*100,"0") -> 1.7241379 | Q4: =IFERROR(Q3/U3*100,"0") -> 2.5862069 | R4: =IFERROR(R3/U3*100,"0") -> 1.7241379 | S4: =IFERROR(S3/U3*100,"0") -> 12.068966 | T4: =IFERROR(T3/U3*100,"0") -> 1.7241379 | U4: =SUM(B4:T4) -> 100
A5: 누적 | B5: =B4 -> 15.517241 | C5: =B5+C4 -> 18.965517 | D5: =C5+D4 -> 25 | E5: =D5+E4 -> 32.758621 | F5: =E5+F4 -> 34.482759 | G5: =F5+G4 -> 35.344828 | H5: =G5+H4 -> 37.068966 | I5: =H5+I4 -> 38.793103 | J5: =I5+J4 -> 45.689655 | ... T5: =S5+T4 -> 100
A7: 불량 명 | B7: =B2 -> Dead | C7: =C2 -> GC 200 | D7: =D2 -> LED | E7: =E2 -> Noise | F7: =F2 -> Straightness | G7: =G2 -> Speed | H7: =H2 -> Chattering | I7: =I2 -> Bounding | ... T7: =T2 -> ETC | U7: 합계
A8: 불량 수 | B8: =B3 -> 18 | C8: =C3 -> 4 | D8: =D3 -> 7 | E8: =E3 -> 9 | F8: =F3 -> 2 | G8: =G3 -> 1 | H8: =H3 -> 2 | I8: =I3 -> 2 | ... T8: =T3 -> 2 | U8: =SUM(B8:T8) -> 116
A9: 점유 % | B9: =B4 -> 15.517241 | C9: =C4 -> 3.4482759 | D9: =D4 -> 6.0344828 | E9: =E4 -> 7.7586207 | F9: =F4 -> 1.7241379 | G9: =G4 -> 0.86206897 | H9: =H4 -> 1.7241379 | I9: =I4 -> 1.7241379 | ... T9: =T4 -> 1.7241379 | U9: =SUM(B9:T9) -> 100
A10: 누적 | B10: =B5 -> 15.517241 | C10: =C5 -> 18.965517 | D10: =D5 -> 25 | E10: =E5 -> 32.758621 | F10: =F5 -> 34.482759 | G10: =G5 -> 35.344828 | H10: =H5 -> 37.068966 | I10: =I5 -> 38.793103 | ... T10: =T5 -> 100
A41: Model | B41: =B2 -> Dead | C41: =C2 -> GC 200 | D41: =D2 -> LED | E41: =E2 -> Noise | F41: =F2 -> Straightness | G41: =G2 -> Speed | H41: =H2 -> Chattering | I41: =I2 -> Bounding | ... U41: =U2 -> 합계
A43: LS2L-03EL | B43: ='1월'!AM9+'2월'!AM9+'3월'!AM9+'4월'!AM9+'5월'!AM9+'6월'!AM9+'7월'!AM9+'8월'!AM9+'9월'!AM9+'10월'!AM9+'11월'!AM9+'12월'!AM9 -> 0 | C43: ='1월'!AN9+'2월'!AN9+'3월'!AN9+'4월'!AN9+'5월'!AN9+'6월'!AN9+'7월'!AN9+'8월'!AN9+'9월'!AN9+'10월'!AN9+'11월'!AN9+'12월'!AN9 -> 0 | D43: ='1월'!AO9+'2월'!AO9+'3월'!AO9+'4월'!AO9+'5월'!AO9+'6월'!AO9+'7월'!AO9+'8월'!AO9+'9월'!AO9+'10월'!AO9+'11월'!AO9+'12월'!AO9 -> 0 | E43: ='1월'!AP9+'2월'!AP9+'3월'!AP9+'4월'!AP9+'5월'!AP9+'6월'!AP9+'7월'!AP9+'8월'!AP9+'9월'!AP9+'10월'!AP9+'11월'!AP9+'12월'!AP9 -> 0 | F43: ='1월'!AQ9+'2월'!AQ9+'3월'!AQ9+'4월'!AQ9+'5월'!AQ9+'6월'!AQ9+'7월'!AQ9+'8월'!AQ9+'9월'!AQ9+'10월'!AQ9+'11월'!AQ9+'12월'!AQ9 -> 0 | G43: ='1월'!AR9+'2월'!AR9+'3월'!AR9+'4월'!AR9+'5월'!AR9+'6월'!AR9+'7월'!AR9+'8월'!AR9+'9월'!AR9+'10월'!AR9+'11월'!AR9+'12월'!AR9 -> 0 | H43: ='1월'!AS9+'2월'!AS9+'3월'!AS9+'4월'!AS9+'5월'!AS9+'6월'!AS9+'7월'!AS9+'8월'!AS9+'9월'!AS9+'10월'!AS9+'11월'!AS9+'12월'!AS9 -> 0 | I43: ='1월'!AT9+'2월'!AT9+'3월'!AT9+'4월'!AT9+'5월'!AT9+'6월'!AT9+'7월'!AT9+'8월'!AT9+'9월'!AT9+'10월'!AT9+'11월'!AT9+'12월'!AT9 -> 0 | ... T43: ='1월'!BE9+'2월'!BE9+'3월'!BE9+'4월'!BE9+'5월'!BE9+'6월'!BE9+'7월'!BE9+'8월'!BE9+'9월'!BE9+'10월'!BE9+'11월'!BE9+'12월'!BE9 -> 0 | U43: =SUM(B43:T43) -> 0
A44: L7-6PT-3 | B44: ='1월'!AM10+'2월'!AM10+'3월'!AM10+'4월'!AM10+'5월'!AM10+'6월'!AM10+'7월'!AM10+'8월'!AM10+'9월'!AM10+'10월'!AM10+'11월'!AM10+'12월'!AM10 -> 0 | C44: ='1월'!AN10+'2월'!AN10+'3월'!AN10+'4월'!AN10+'5월'!AN10+'6월'!AN10+'7월'!AN10+'8월'!AN10+'9월'!AN10+'10월'!AN10+'11월'!AN10+'12월'!AN10 -> 0 | D44: ='1월'!AO10+'2월'!AO10+'3월'!AO10+'4월'!AO10+'5월'!AO10+'6월'!AO10+'7월'!AO10+'8월'!AO10+'9월'!AO10+'10월'!AO10+'11월'!AO10+'12월'!AO10 -> 0 | E44: ='1월'!AP10+'2월'!AP10+'3월'!AP10+'4월'!AP10+'5월'!AP10+'6월'!AP10+'7월'!AP10+'8월'!AP10+'9월'!AP10+'10월'!AP10+'11월'!AP10+'12월'!AP10 -> 0 | F44: ='1월'!AQ10+'2월'!AQ10+'3월'!AQ10+'4월'!AQ10+'5월'!AQ10+'6월'!AQ10+'7월'!AQ10+'8월'!AQ10+'9월'!AQ10+'10월'!AQ10+'11월'!AQ10+'12월'!AQ10 -> 0 | G44: ='1월'!AR10+'2월'!AR10+'3월'!AR10+'4월'!AR10+'5월'!AR10+'6월'!AR10+'7월'!AR10+'8월'!AR10+'9월'!AR10+'10월'!AR10+'11월'!AR10+'12월'!AR10 -> 0 | H44: ='1월'!AS10+'2월'!AS10+'3월'!AS10+'4월'!AS10+'5월'!AS10+'6월'!AS10+'7월'!AS10+'8월'!AS10+'9월'!AS10+'10월'!AS10+'11월'!AS10+'12월'!AS10 -> 0 | I44: ='1월'!AT10+'2월'!AT10+'3월'!AT10+'4월'!AT10+'5월'!AT10+'6월'!AT10+'7월'!AT10+'8월'!AT10+'9월'!AT10+'10월'!AT10+'11월'!AT10+'12월'!AT10 -> 0 | ... T44: ='1월'!BE10+'2월'!BE10+'3월'!BE10+'4월'!BE10+'5월'!BE10+'6월'!BE10+'7월'!BE10+'8월'!BE10+'9월'!BE10+'10월'!BE10+'11월'!BE10+'12월'!BE10 -> 0 | U44: =SUM(B44:T44) -> 0
A45: L7-12PT-3 | B45: ='1월'!AM11+'2월'!AM11+'3월'!AM11+'4월'!AM11+'5월'!AM11+'6월'!AM11+'7월'!AM11+'8월'!AM11+'9월'!AM11+'10월'!AM11+'11월'!AM11+'12월'!AM11 -> 0 | C45: ='1월'!AN11+'2월'!AN11+'3월'!AN11+'4월'!AN11+'5월'!AN11+'6월'!AN11+'7월'!AN11+'8월'!AN11+'9월'!AN11+'10월'!AN11+'11월'!AN11+'12월'!AN11 -> 0 | D45: ='1월'!AO11+'2월'!AO11+'3월'!AO11+'4월'!AO11+'5월'!AO11+'6월'!AO11+'7월'!AO11+'8월'!AO11+'9월'!AO11+'10월'!AO11+'11월'!AO11+'12월'!AO11 -> 0 | E45: ='1월'!AP11+'2월'!AP11+'3월'!AP11+'4월'!AP11+'5월'!AP11+'6월'!AP11+'7월'!AP11+'8월'!AP11+'9월'!AP11+'10월'!AP11+'11월'!AP11+'12월'!AP11 -> 0 | F45: ='1월'!AQ11+'2월'!AQ11+'3월'!AQ11+'4월'!AQ11+'5월'!AQ11+'6월'!AQ11+'7월'!AQ11+'8월'!AQ11+'9월'!AQ11+'10월'!AQ11+'11월'!AQ11+'12월'!AQ11 -> 0 | G45: ='1월'!AR11+'2월'!AR11+'3월'!AR11+'4월'!AR11+'5월'!AR11+'6월'!AR11+'7월'!AR11+'8월'!AR11+'9월'!AR11+'10월'!AR11+'11월'!AR11+'12월'!AR11 -> 0 | H45: ='1월'!AS11+'2월'!AS11+'3월'!AS11+'4월'!AS11+'5월'!AS11+'6월'!AS11+'7월'!AS11+'8월'!AS11+'9월'!AS11+'10월'!AS11+'11월'!AS11+'12월'!AS11 -> 0 | I45: ='1월'!AT11+'2월'!AT11+'3월'!AT11+'4월'!AT11+'5월'!AT11+'6월'!AT11+'7월'!AT11+'8월'!AT11+'9월'!AT11+'10월'!AT11+'11월'!AT11+'12월'!AT11 -> 0 | ... T45: ='1월'!BE11+'2월'!BE11+'3월'!BE11+'4월'!BE11+'5월'!BE11+'6월'!BE11+'7월'!BE11+'8월'!BE11+'9월'!BE11+'10월'!BE11+'11월'!BE11+'12월'!BE11 -> 0 | U45: =SUM(B45:T45) -> 0
A46: L7-13PT-3 | B46: ='1월'!AM12+'2월'!AM12+'3월'!AM12+'4월'!AM12+'5월'!AM12+'6월'!AM12+'7월'!AM12+'8월'!AM12+'9월'!AM12+'10월'!AM12+'11월'!AM12+'12월'!AM12 -> 0 | C46: ='1월'!AN12+'2월'!AN12+'3월'!AN12+'4월'!AN12+'5월'!AN12+'6월'!AN12+'7월'!AN12+'8월'!AN12+'9월'!AN12+'10월'!AN12+'11월'!AN12+'12월'!AN12 -> 0 | D46: ='1월'!AO12+'2월'!AO12+'3월'!AO12+'4월'!AO12+'5월'!AO12+'6월'!AO12+'7월'!AO12+'8월'!AO12+'9월'!AO12+'10월'!AO12+'11월'!AO12+'12월'!AO12 -> 0 | E46: ='1월'!AP12+'2월'!AP12+'3월'!AP12+'4월'!AP12+'5월'!AP12+'6월'!AP12+'7월'!AP12+'8월'!AP12+'9월'!AP12+'10월'!AP12+'11월'!AP12+'12월'!AP12 -> 0 | F46: ='1월'!AQ12+'2월'!AQ12+'3월'!AQ12+'4월'!AQ12+'5월'!AQ12+'6월'!AQ12+'7월'!AQ12+'8월'!AQ12+'9월'!AQ12+'10월'!AQ12+'11월'!AQ12+'12월'!AQ12 -> 0 | G46: ='1월'!AR12+'2월'!AR12+'3월'!AR12+'4월'!AR12+'5월'!AR12+'6월'!AR12+'7월'!AR12+'8월'!AR12+'9월'!AR12+'10월'!AR12+'11월'!AR12+'12월'!AR12 -> 0 | H46: ='1월'!AS12+'2월'!AS12+'3월'!AS12+'4월'!AS12+'5월'!AS12+'6월'!AS12+'7월'!AS12+'8월'!AS12+'9월'!AS12+'10월'!AS12+'11월'!AS12+'12월'!AS12 -> 0 | I46: ='1월'!AT12+'2월'!AT12+'3월'!AT12+'4월'!AT12+'5월'!AT12+'6월'!AT12+'7월'!AT12+'8월'!AT12+'9월'!AT12+'10월'!AT12+'11월'!AT12+'12월'!AT12 -> 0 | ... T46: ='1월'!BE12+'2월'!BE12+'3월'!BE12+'4월'!BE12+'5월'!BE12+'6월'!BE12+'7월'!BE12+'8월'!BE12+'9월'!BE12+'10월'!BE12+'11월'!BE12+'12월'!BE12 -> 0 | U46: =SUM(B46:T46) -> 0
A47: L7-20PT-3 | B47: ='1월'!AM13+'2월'!AM13+'3월'!AM13+'4월'!AM13+'5월'!AM13+'6월'!AM13+'7월'!AM13+'8월'!AM13+'9월'!AM13+'10월'!AM13+'11월'!AM13+'12월'!AM13 -> 0 | C47: ='1월'!AN13+'2월'!AN13+'3월'!AN13+'4월'!AN13+'5월'!AN13+'6월'!AN13+'7월'!AN13+'8월'!AN13+'9월'!AN13+'10월'!AN13+'11월'!AN13+'12월'!AN13 -> 0 | D47: ='1월'!AO13+'2월'!AO13+'3월'!AO13+'4월'!AO13+'5월'!AO13+'6월'!AO13+'7월'!AO13+'8월'!AO13+'9월'!AO13+'10월'!AO13+'11월'!AO13+'12월'!AO13 -> 0 | E47: ='1월'!AP13+'2월'!AP13+'3월'!AP13+'4월'!AP13+'5월'!AP13+'6월'!AP13+'7월'!AP13+'8월'!AP13+'9월'!AP13+'10월'!AP13+'11월'!AP13+'12월'!AP13 -> 0 | F47: ='1월'!AQ13+'2월'!AQ13+'3월'!AQ13+'4월'!AQ13+'5월'!AQ13+'6월'!AQ13+'7월'!AQ13+'8월'!AQ13+'9월'!AQ13+'10월'!AQ13+'11월'!AQ13+'12월'!AQ13 -> 0 | G47: ='1월'!AR13+'2월'!AR13+'3월'!AR13+'4월'!AR13+'5월'!AR13+'6월'!AR13+'7월'!AR13+'8월'!AR13+'9월'!AR13+'10월'!AR13+'11월'!AR13+'12월'!AR13 -> 0 | H47: ='1월'!AS13+'2월'!AS13+'3월'!AS13+'4월'!AS13+'5월'!AS13+'6월'!AS13+'7월'!AS13+'8월'!AS13+'9월'!AS13+'10월'!AS13+'11월'!AS13+'12월'!AS13 -> 0 | I47: ='1월'!AT13+'2월'!AT13+'3월'!AT13+'4월'!AT13+'5월'!AT13+'6월'!AT13+'7월'!AT13+'8월'!AT13+'9월'!AT13+'10월'!AT13+'11월'!AT13+'12월'!AT13 -> 0 | ... T47: ='1월'!BE13+'2월'!BE13+'3월'!BE13+'4월'!BE13+'5월'!BE13+'6월'!BE13+'7월'!BE13+'8월'!BE13+'9월'!BE13+'10월'!BE13+'11월'!BE13+'12월'!BE13 -> 0 | U47: =SUM(B47:T47) -> 0
A48: L7-40PT-3 | B48: ='1월'!AM14+'2월'!AM14+'3월'!AM14+'4월'!AM14+'5월'!AM14+'6월'!AM14+'7월'!AM14+'8월'!AM14+'9월'!AM14+'10월'!AM14+'11월'!AM14+'12월'!AM14 -> 0 | C48: ='1월'!AN14+'2월'!AN14+'3월'!AN14+'4월'!AN14+'5월'!AN14+'6월'!AN14+'7월'!AN14+'8월'!AN14+'9월'!AN14+'10월'!AN14+'11월'!AN14+'12월'!AN14 -> 0 | D48: ='1월'!AO14+'2월'!AO14+'3월'!AO14+'4월'!AO14+'5월'!AO14+'6월'!AO14+'7월'!AO14+'8월'!AO14+'9월'!AO14+'10월'!AO14+'11월'!AO14+'12월'!AO14 -> 0 | E48: ='1월'!AP14+'2월'!AP14+'3월'!AP14+'4월'!AP14+'5월'!AP14+'6월'!AP14+'7월'!AP14+'8월'!AP14+'9월'!AP14+'10월'!AP14+'11월'!AP14+'12월'!AP14 -> 0 | F48: ='1월'!AQ14+'2월'!AQ14+'3월'!AQ14+'4월'!AQ14+'5월'!AQ14+'6월'!AQ14+'7월'!AQ14+'8월'!AQ14+'9월'!AQ14+'10월'!AQ14+'11월'!AQ14+'12월'!AQ14 -> 0 | G48: ='1월'!AR14+'2월'!AR14+'3월'!AR14+'4월'!AR14+'5월'!AR14+'6월'!AR14+'7월'!AR14+'8월'!AR14+'9월'!AR14+'10월'!AR14+'11월'!AR14+'12월'!AR14 -> 0 | H48: ='1월'!AS14+'2월'!AS14+'3월'!AS14+'4월'!AS14+'5월'!AS14+'6월'!AS14+'7월'!AS14+'8월'!AS14+'9월'!AS14+'10월'!AS14+'11월'!AS14+'12월'!AS14 -> 0 | I48: ='1월'!AT14+'2월'!AT14+'3월'!AT14+'4월'!AT14+'5월'!AT14+'6월'!AT14+'7월'!AT14+'8월'!AT14+'9월'!AT14+'10월'!AT14+'11월'!AT14+'12월'!AT14 -> 0 | ... T48: ='1월'!BE14+'2월'!BE14+'3월'!BE14+'4월'!BE14+'5월'!BE14+'6월'!BE14+'7월'!BE14+'8월'!BE14+'9월'!BE14+'10월'!BE14+'11월'!BE14+'12월'!BE14 -> 0 | U48: =SUM(B48:T48) -> 0
A49: L7-64PT-3 | B49: ='1월'!AM15+'2월'!AM15+'3월'!AM15+'4월'!AM15+'5월'!AM15+'6월'!AM15+'7월'!AM15+'8월'!AM15+'9월'!AM15+'10월'!AM15+'11월'!AM15+'12월'!AM15 -> 0 | C49: ='1월'!AN15+'2월'!AN15+'3월'!AN15+'4월'!AN15+'5월'!AN15+'6월'!AN15+'7월'!AN15+'8월'!AN15+'9월'!AN15+'10월'!AN15+'11월'!AN15+'12월'!AN15 -> 0 | D49: ='1월'!AO15+'2월'!AO15+'3월'!AO15+'4월'!AO15+'5월'!AO15+'6월'!AO15+'7월'!AO15+'8월'!AO15+'9월'!AO15+'10월'!AO15+'11월'!AO15+'12월'!AO15 -> 0 | E49: ='1월'!AP15+'2월'!AP15+'3월'!AP15+'4월'!AP15+'5월'!AP15+'6월'!AP15+'7월'!AP15+'8월'!AP15+'9월'!AP15+'10월'!AP15+'11월'!AP15+'12월'!AP15 -> 0 | F49: ='1월'!AQ15+'2월'!AQ15+'3월'!AQ15+'4월'!AQ15+'5월'!AQ15+'6월'!AQ15+'7월'!AQ15+'8월'!AQ15+'9월'!AQ15+'10월'!AQ15+'11월'!AQ15+'12월'!AQ15 -> 0 | G49: ='1월'!AR15+'2월'!AR15+'3월'!AR15+'4월'!AR15+'5월'!AR15+'6월'!AR15+'7월'!AR15+'8월'!AR15+'9월'!AR15+'10월'!AR15+'11월'!AR15+'12월'!AR15 -> 0 | H49: ='1월'!AS15+'2월'!AS15+'3월'!AS15+'4월'!AS15+'5월'!AS15+'6월'!AS15+'7월'!AS15+'8월'!AS15+'9월'!AS15+'10월'!AS15+'11월'!AS15+'12월'!AS15 -> 0 | I49: ='1월'!AT15+'2월'!AT15+'3월'!AT15+'4월'!AT15+'5월'!AT15+'6월'!AT15+'7월'!AT15+'8월'!AT15+'9월'!AT15+'10월'!AT15+'11월'!AT15+'12월'!AT15 -> 0 | ... T49: ='1월'!BE15+'2월'!BE15+'3월'!BE15+'4월'!BE15+'5월'!BE15+'6월'!BE15+'7월'!BE15+'8월'!BE15+'9월'!BE15+'10월'!BE15+'11월'!BE15+'12월'!BE15 -> 0 | U49: =SUM(B49:T49) -> 0
A50: L7-100PT-3 | B50: ='1월'!AM16+'2월'!AM16+'3월'!AM16+'4월'!AM16+'5월'!AM16+'6월'!AM16+'7월'!AM16+'8월'!AM16+'9월'!AM16+'10월'!AM16+'11월'!AM16+'12월'!AM16 -> 0 | C50: ='1월'!AN16+'2월'!AN16+'3월'!AN16+'4월'!AN16+'5월'!AN16+'6월'!AN16+'7월'!AN16+'8월'!AN16+'9월'!AN16+'10월'!AN16+'11월'!AN16+'12월'!AN16 -> 0 | D50: ='1월'!AO16+'2월'!AO16+'3월'!AO16+'4월'!AO16+'5월'!AO16+'6월'!AO16+'7월'!AO16+'8월'!AO16+'9월'!AO16+'10월'!AO16+'11월'!AO16+'12월'!AO16 -> 0 | E50: ='1월'!AP16+'2월'!AP16+'3월'!AP16+'4월'!AP16+'5월'!AP16+'6월'!AP16+'7월'!AP16+'8월'!AP16+'9월'!AP16+'10월'!AP16+'11월'!AP16+'12월'!AP16 -> 0 | F50: ='1월'!AQ16+'2월'!AQ16+'3월'!AQ16+'4월'!AQ16+'5월'!AQ16+'6월'!AQ16+'7월'!AQ16+'8월'!AQ16+'9월'!AQ16+'10월'!AQ16+'11월'!AQ16+'12월'!AQ16 -> 0 | G50: ='1월'!AR16+'2월'!AR16+'3월'!AR16+'4월'!AR16+'5월'!AR16+'6월'!AR16+'7월'!AR16+'8월'!AR16+'9월'!AR16+'10월'!AR16+'11월'!AR16+'12월'!AR16 -> 0 | H50: ='1월'!AS16+'2월'!AS16+'3월'!AS16+'4월'!AS16+'5월'!AS16+'6월'!AS16+'7월'!AS16+'8월'!AS16+'9월'!AS16+'10월'!AS16+'11월'!AS16+'12월'!AS16 -> 0 | I50: ='1월'!AT16+'2월'!AT16+'3월'!AT16+'4월'!AT16+'5월'!AT16+'6월'!AT16+'7월'!AT16+'8월'!AT16+'9월'!AT16+'10월'!AT16+'11월'!AT16+'12월'!AT16 -> 0 | ... T50: ='1월'!BE16+'2월'!BE16+'3월'!BE16+'4월'!BE16+'5월'!BE16+'6월'!BE16+'7월'!BE16+'8월'!BE16+'9월'!BE16+'10월'!BE16+'11월'!BE16+'12월'!BE16 -> 0 | U50: =SUM(B50:T50) -> 0
A51: L12-6PT-3 | B51: ='1월'!AM17+'2월'!AM17+'3월'!AM17+'4월'!AM17+'5월'!AM17+'6월'!AM17+'7월'!AM17+'8월'!AM17+'9월'!AM17+'10월'!AM17+'11월'!AM17+'12월'!AM17 -> 0 | C51: ='1월'!AN17+'2월'!AN17+'3월'!AN17+'4월'!AN17+'5월'!AN17+'6월'!AN17+'7월'!AN17+'8월'!AN17+'9월'!AN17+'10월'!AN17+'11월'!AN17+'12월'!AN17 -> 0 | D51: ='1월'!AO17+'2월'!AO17+'3월'!AO17+'4월'!AO17+'5월'!AO17+'6월'!AO17+'7월'!AO17+'8월'!AO17+'9월'!AO17+'10월'!AO17+'11월'!AO17+'12월'!AO17 -> 0 | E51: ='1월'!AP17+'2월'!AP17+'3월'!AP17+'4월'!AP17+'5월'!AP17+'6월'!AP17+'7월'!AP17+'8월'!AP17+'9월'!AP17+'10월'!AP17+'11월'!AP17+'12월'!AP17 -> 0 | F51: ='1월'!AQ17+'2월'!AQ17+'3월'!AQ17+'4월'!AQ17+'5월'!AQ17+'6월'!AQ17+'7월'!AQ17+'8월'!AQ17+'9월'!AQ17+'10월'!AQ17+'11월'!AQ17+'12월'!AQ17 -> 0 | G51: ='1월'!AR17+'2월'!AR17+'3월'!AR17+'4월'!AR17+'5월'!AR17+'6월'!AR17+'7월'!AR17+'8월'!AR17+'9월'!AR17+'10월'!AR17+'11월'!AR17+'12월'!AR17 -> 0 | H51: ='1월'!AS17+'2월'!AS17+'3월'!AS17+'4월'!AS17+'5월'!AS17+'6월'!AS17+'7월'!AS17+'8월'!AS17+'9월'!AS17+'10월'!AS17+'11월'!AS17+'12월'!AS17 -> 0 | I51: ='1월'!AT17+'2월'!AT17+'3월'!AT17+'4월'!AT17+'5월'!AT17+'6월'!AT17+'7월'!AT17+'8월'!AT17+'9월'!AT17+'10월'!AT17+'11월'!AT17+'12월'!AT17 -> 0 | ... T51: ='1월'!BE17+'2월'!BE17+'3월'!BE17+'4월'!BE17+'5월'!BE17+'6월'!BE17+'7월'!BE17+'8월'!BE17+'9월'!BE17+'10월'!BE17+'11월'!BE17+'12월'!BE17 -> 0 | U51: =SUM(B51:T51) -> 0
A52: L12-12PT-3 | B52: ='1월'!AM18+'2월'!AM18+'3월'!AM18+'4월'!AM18+'5월'!AM18+'6월'!AM18+'7월'!AM18+'8월'!AM18+'9월'!AM18+'10월'!AM18+'11월'!AM18+'12월'!AM18 -> 0 | C52: ='1월'!AN18+'2월'!AN18+'3월'!AN18+'4월'!AN18+'5월'!AN18+'6월'!AN18+'7월'!AN18+'8월'!AN18+'9월'!AN18+'10월'!AN18+'11월'!AN18+'12월'!AN18 -> 0 | D52: ='1월'!AO18+'2월'!AO18+'3월'!AO18+'4월'!AO18+'5월'!AO18+'6월'!AO18+'7월'!AO18+'8월'!AO18+'9월'!AO18+'10월'!AO18+'11월'!AO18+'12월'!AO18 -> 0 | E52: ='1월'!AP18+'2월'!AP18+'3월'!AP18+'4월'!AP18+'5월'!AP18+'6월'!AP18+'7월'!AP18+'8월'!AP18+'9월'!AP18+'10월'!AP18+'11월'!AP18+'12월'!AP18 -> 0 | F52: ='1월'!AQ18+'2월'!AQ18+'3월'!AQ18+'4월'!AQ18+'5월'!AQ18+'6월'!AQ18+'7월'!AQ18+'8월'!AQ18+'9월'!AQ18+'10월'!AQ18+'11월'!AQ18+'12월'!AQ18 -> 0 | G52: ='1월'!AR18+'2월'!AR18+'3월'!AR18+'4월'!AR18+'5월'!AR18+'6월'!AR18+'7월'!AR18+'8월'!AR18+'9월'!AR18+'10월'!AR18+'11월'!AR18+'12월'!AR18 -> 0 | H52: ='1월'!AS18+'2월'!AS18+'3월'!AS18+'4월'!AS18+'5월'!AS18+'6월'!AS18+'7월'!AS18+'8월'!AS18+'9월'!AS18+'10월'!AS18+'11월'!AS18+'12월'!AS18 -> 0 | I52: ='1월'!AT18+'2월'!AT18+'3월'!AT18+'4월'!AT18+'5월'!AT18+'6월'!AT18+'7월'!AT18+'8월'!AT18+'9월'!AT18+'10월'!AT18+'11월'!AT18+'12월'!AT18 -> 0 | ... T52: ='1월'!BE18+'2월'!BE18+'3월'!BE18+'4월'!BE18+'5월'!BE18+'6월'!BE18+'7월'!BE18+'8월'!BE18+'9월'!BE18+'10월'!BE18+'11월'!BE18+'12월'!BE18 -> 0 | U52: =SUM(B52:T52) -> 0
A53: L12-13PT-3 | B53: ='1월'!AM19+'2월'!AM19+'3월'!AM19+'4월'!AM19+'5월'!AM19+'6월'!AM19+'7월'!AM19+'8월'!AM19+'9월'!AM19+'10월'!AM19+'11월'!AM19+'12월'!AM19 -> 0 | C53: ='1월'!AN19+'2월'!AN19+'3월'!AN19+'4월'!AN19+'5월'!AN19+'6월'!AN19+'7월'!AN19+'8월'!AN19+'9월'!AN19+'10월'!AN19+'11월'!AN19+'12월'!AN19 -> 0 | D53: ='1월'!AO19+'2월'!AO19+'3월'!AO19+'4월'!AO19+'5월'!AO19+'6월'!AO19+'7월'!AO19+'8월'!AO19+'9월'!AO19+'10월'!AO19+'11월'!AO19+'12월'!AO19 -> 0 | E53: ='1월'!AP19+'2월'!AP19+'3월'!AP19+'4월'!AP19+'5월'!AP19+'6월'!AP19+'7월'!AP19+'8월'!AP19+'9월'!AP19+'10월'!AP19+'11월'!AP19+'12월'!AP19 -> 0 | F53: ='1월'!AQ19+'2월'!AQ19+'3월'!AQ19+'4월'!AQ19+'5월'!AQ19+'6월'!AQ19+'7월'!AQ19+'8월'!AQ19+'9월'!AQ19+'10월'!AQ19+'11월'!AQ19+'12월'!AQ19 -> 0 | G53: ='1월'!AR19+'2월'!AR19+'3월'!AR19+'4월'!AR19+'5월'!AR19+'6월'!AR19+'7월'!AR19+'8월'!AR19+'9월'!AR19+'10월'!AR19+'11월'!AR19+'12월'!AR19 -> 0 | H53: ='1월'!AS19+'2월'!AS19+'3월'!AS19+'4월'!AS19+'5월'!AS19+'6월'!AS19+'7월'!AS19+'8월'!AS19+'9월'!AS19+'10월'!AS19+'11월'!AS19+'12월'!AS19 -> 0 | I53: ='1월'!AT19+'2월'!AT19+'3월'!AT19+'4월'!AT19+'5월'!AT19+'6월'!AT19+'7월'!AT19+'8월'!AT19+'9월'!AT19+'10월'!AT19+'11월'!AT19+'12월'!AT19 -> 0 | ... T53: ='1월'!BE19+'2월'!BE19+'3월'!BE19+'4월'!BE19+'5월'!BE19+'6월'!BE19+'7월'!BE19+'8월'!BE19+'9월'!BE19+'10월'!BE19+'11월'!BE19+'12월'!BE19 -> 0 | U53: =SUM(B53:T53) -> 0
A54: L12-20PT-3 | B54: ='1월'!AM20+'2월'!AM20+'3월'!AM20+'4월'!AM20+'5월'!AM20+'6월'!AM20+'7월'!AM20+'8월'!AM20+'9월'!AM20+'10월'!AM20+'11월'!AM20+'12월'!AM20 -> 0 | C54: ='1월'!AN20+'2월'!AN20+'3월'!AN20+'4월'!AN20+'5월'!AN20+'6월'!AN20+'7월'!AN20+'8월'!AN20+'9월'!AN20+'10월'!AN20+'11월'!AN20+'12월'!AN20 -> 0 | D54: ='1월'!AO20+'2월'!AO20+'3월'!AO20+'4월'!AO20+'5월'!AO20+'6월'!AO20+'7월'!AO20+'8월'!AO20+'9월'!AO20+'10월'!AO20+'11월'!AO20+'12월'!AO20 -> 0 | E54: ='1월'!AP20+'2월'!AP20+'3월'!AP20+'4월'!AP20+'5월'!AP20+'6월'!AP20+'7월'!AP20+'8월'!AP20+'9월'!AP20+'10월'!AP20+'11월'!AP20+'12월'!AP20 -> 0 | F54: ='1월'!AQ20+'2월'!AQ20+'3월'!AQ20+'4월'!AQ20+'5월'!AQ20+'6월'!AQ20+'7월'!AQ20+'8월'!AQ20+'9월'!AQ20+'10월'!AQ20+'11월'!AQ20+'12월'!AQ20 -> 0 | G54: ='1월'!AR20+'2월'!AR20+'3월'!AR20+'4월'!AR20+'5월'!AR20+'6월'!AR20+'7월'!AR20+'8월'!AR20+'9월'!AR20+'10월'!AR20+'11월'!AR20+'12월'!AR20 -> 0 | H54: ='1월'!AS20+'2월'!AS20+'3월'!AS20+'4월'!AS20+'5월'!AS20+'6월'!AS20+'7월'!AS20+'8월'!AS20+'9월'!AS20+'10월'!AS20+'11월'!AS20+'12월'!AS20 -> 0 | I54: ='1월'!AT20+'2월'!AT20+'3월'!AT20+'4월'!AT20+'5월'!AT20+'6월'!AT20+'7월'!AT20+'8월'!AT20+'9월'!AT20+'10월'!AT20+'11월'!AT20+'12월'!AT20 -> 0 | ... T54: ='1월'!BE20+'2월'!BE20+'3월'!BE20+'4월'!BE20+'5월'!BE20+'6월'!BE20+'7월'!BE20+'8월'!BE20+'9월'!BE20+'10월'!BE20+'11월'!BE20+'12월'!BE20 -> 0 | U54: =SUM(B54:T54) -> 0
... A222: IR-IM02 | B222: ='1월'!AM188+'2월'!AM188+'3월'!AM188+'4월'!AM188+'5월'!AM188+'6월'!AM188+'7월'!AM188+'8월'!AM188+'9월'!AM188+'10월'!AM188+'11월'!AM188+'12월'!AM188 -> 0 | C222: ='1월'!AN188+'2월'!AN188+'3월'!AN188+'4월'!AN188+'5월'!AN188+'6월'!AN188+'7월'!AN188+'8월'!AN188+'9월'!AN188+'10월'!AN188+'11월'!AN188+'12월'!AN188 -> 0 | D222: ='1월'!AO188+'2월'!AO188+'3월'!AO188+'4월'!AO188+'5월'!AO188+'6월'!AO188+'7월'!AO188+'8월'!AO188+'9월'!AO188+'10월'!AO188+'11월'!AO188+'12월'!AO188 -> 0 | E222: ='1월'!AP188+'2월'!AP188+'3월'!AP188+'4월'!AP188+'5월'!AP188+'6월'!AP188+'7월'!AP188+'8월'!AP188+'9월'!AP188+'10월'!AP188+'11월'!AP188+'12월'!AP188 -> 0 | F222: ='1월'!AQ188+'2월'!AQ188+'3월'!AQ188+'4월'!AQ188+'5월'!AQ188+'6월'!AQ188+'7월'!AQ188+'8월'!AQ188+'9월'!AQ188+'10월'!AQ188+'11월'!AQ188+'12월'!AQ188 -> 0 | G222: ='1월'!AR188+'2월'!AR188+'3월'!AR188+'4월'!AR188+'5월'!AR188+'6월'!AR188+'7월'!AR188+'8월'!AR188+'9월'!AR188+'10월'!AR188+'11월'!AR188+'12월'!AR188 -> 0 | H222: ='1월'!AS188+'2월'!AS188+'3월'!AS188+'4월'!AS188+'5월'!AS188+'6월'!AS188+'7월'!AS188+'8월'!AS188+'9월'!AS188+'10월'!AS188+'11월'!AS188+'12월'!AS188 -> 0 | I222: ='1월'!AT188+'2월'!AT188+'3월'!AT188+'4월'!AT188+'5월'!AT188+'6월'!AT188+'7월'!AT188+'8월'!AT188+'9월'!AT188+'10월'!AT188+'11월'!AT188+'12월'!AT188 -> 0 | ... T222: ='1월'!BE188+'2월'!BE188+'3월'!BE188+'4월'!BE188+'5월'!BE188+'6월'!BE188+'7월'!BE188+'8월'!BE188+'9월'!BE188+'10월'!BE188+'11월'!BE188+'12월'!BE188 -> 0 | U222: =SUM(B222:T222) -> 0
B223: =SUM(B43:B222) -> 18 | C223: =SUM(C43:C222) -> 4 | D223: =SUM(D43:D222) -> 7 | E223: =SUM(E43:E222) -> 9 | F223: =SUM(F43:F222) -> 2 | G223: =SUM(G43:G222) -> 1 | H223: =SUM(H43:H222) -> 2 | I223: =SUM(I43:I222) -> 2 | ... T223: =SUM(T43:T222) -> 2 | U223: =SUM(B223:T223) -> 116

Sheet 생산 현황
A2: No. | B2: Model | C2: 검사 수[EA] | D2: 불량 수[EA] | E2: 불량[%] | H2: 1월 | I2: 2월 | J2: 3월 | K2: 4월 | L2: 5월 | M2: 6월 | N2: 7월 | O2: 8월 | P2: 9월 | Q2: 10월 | R2: 11월 | S2: 12월 | T2: 합계
A3: 1 | B3: LS2L-03EL | C3: ='1월'!AH8+'2월'!AH8+'3월'!AH8+'4월'!AH8+'5월'!AH8+'6월'!AH8+'7월'!AH8+'8월'!AH8+'9월'!AH8+'10월'!AH8+'11월'!AH8+'12월'!AH8 -> 0 | D3: ='1월'!AI8+'2월'!AI8+'3월'!AI8+'4월'!AI8+'5월'!AI8+'6월'!AI8+'7월'!AI8+'8월'!AI8+'9월'!AI8+'10월'!AI8+'11월'!AI8+'12월'!AI8 -> 0 | E3: =IFERROR(D3*100/C3,"0") -> 0 | G3: 검사 수 | H3: ='월 품질 현황'!C3 -> 548 | I3: ='월 품질 현황'!D3 -> 415 | J3: ='월 품질 현황'!E3 -> 712 | K3: ='월 품질 현황'!F3 -> 836 | L3: ='월 품질 현황'!G3 -> 821 | M3: ='월 품질 현황'!H3 -> 1013 | N3: ='월 품질 현황'!I3 -> 968 | O3: ='월 품질 현황'!J3 -> 868 | ... S3: ='월 품질 현황'!N3 -> 413 | T3: =SUM(H3:S3) -> 8540
A4: 2 | B4: L7-6PT-3 | C4: ='1월'!AH9+'2월'!AH9+'3월'!AH9+'4월'!AH9+'5월'!AH9+'6월'!AH9+'7월'!AH9+'8월'!AH9+'9월'!AH9+'10월'!AH9+'11월'!AH9+'12월'!AH9 -> 0 | D4: ='1월'!AI9+'2월'!AI9+'3월'!AI9+'4월'!AI9+'5월'!AI9+'6월'!AI9+'7월'!AI9+'8월'!AI9+'9월'!AI9+'10월'!AI9+'11월'!AI9+'12월'!AI9 -> 0 | E4: =IFERROR(D4*100/C4,"0") -> 0 | G4: 불량 수 | H4: ='1월'!F3 -> 15 | I4: ='2월'!F3 -> 18 | J4: ='3월'!F3 -> 17 | K4: ='4월'!F3 -> 8 | L4: ='5월'!F3 -> 12 | M4: ='6월'!F3 -> 7 | N4: ='7월'!F3 -> 7 | O4: ='8월'!F3 -> 6 | P4: ='9월'!F3 -> 11 | Q4: ='10월'!F3 -> 7 | R4: ='11월'!F3 -> 5 | S4: ='12월'!F3 -> 2 | T4: =SUM(H4:S4) -> 115
A5: 3 | B5: L7-12PT-3 | C5: ='1월'!AH10+'2월'!AH10+'3월'!AH10+'4월'!AH10+'5월'!AH10+'6월'!AH10+'7월'!AH10+'8월'!AH10+'9월'!AH10+'10월'!AH10+'11월'!AH10+'12월'!AH10 -> 0 | D5: ='1월'!AI10+'2월'!AI10+'3월'!AI10+'4월'!AI10+'5월'!AI10+'6월'!AI10+'7월'!AI10+'8월'!AI10+'9월'!AI10+'10월'!AI10+'11월'!AI10+'12월'!AI10 -> 0 | E5: =IFERROR(D5*100/C5,"0") -> 0 | G5: 양품 수(실적) | H5: =H3-H4 -> 533 | I5: =I3-I4 -> 397 | J5: =J3-J4 -> 695 | K5: =K3-K4 -> 828 | L5: =L3-L4 -> 809 | M5: =M3-M4 -> 1006 | N5: =N3-N4 -> 961 | O5: =O3-O4 -> 862 | ... S5: =S3-S4 -> 411 | T5: =SUM(H5:S5) -> 8425
A6: 4 | B6: L7-13PT-3 | C6: ='1월'!AH11+'2월'!AH11+'3월'!AH11+'4월'!AH11+'5월'!AH11+'6월'!AH11+'7월'!AH11+'8월'!AH11+'9월'!AH11+'10월'!AH11+'11월'!AH11+'12월'!AH11 -> 0 | D6: ='1월'!AI11+'2월'!AI11+'3월'!AI11+'4월'!AI11+'5월'!AI11+'6월'!AI11+'7월'!AI11+'8월'!AI11+'9월'!AI11+'10월'!AI11+'11월'!AI11+'12월'!AI11 -> 0 | E6: =IFERROR(D6*100/C6,"0") -> 0 | G6: 불량 % | H6: =IFERROR((H4*100/H3),"0") -> 2.7372263 | I6: =IFERROR((I4*100/I3),"0") -> 4.3373494 | J6: =IFERROR((J4*100/J3),"0") -> 2.3876404 | K6: =IFERROR((K4*100/K3),"0") -> 0.9569378 | L6: =IFERROR((L4*100/L3),"0") -> 1.4616322 | M6: =IFERROR((M4*100/M3),"0") -> 0.69101678 | N6: =IFERROR((N4*100/N3),"0") -> 0.7231405 | O6: =IFERROR((O4*100/O3),"0") -> 0.69124424 | ... S6: =IFERROR((S4*100/S3),"0") -> 0.4842615 | T6: =T4*100/T3 -> 1.3466042
A7: 5 | B7: L7-20PT-3 | C7: ='1월'!AH12+'2월'!AH12+'3월'!AH12+'4월'!AH12+'5월'!AH12+'6월'!AH12+'7월'!AH12+'8월'!AH12+'9월'!AH12+'10월'!AH12+'11월'!AH12+'12월'!AH12 -> 0 | D7: ='1월'!AI12+'2월'!AI12+'3월'!AI12+'4월'!AI12+'5월'!AI12+'6월'!AI12+'7월'!AI12+'8월'!AI12+'9월'!AI12+'10월'!AI12+'11월'!AI12+'12월'!AI12 -> 0 | E7: =IFERROR(D7*100/C7,"0") -> 0 | G7: 작업일수(일) | H7: =가동율!AM5 -> 17 | I7: =가동율!AM6 -> 20 | J7: =가동율!AM7 -> 20 | K7: =가동율!AM8 -> 22 | L7: =가동율!AM9 -> 18 | M7: =가동율!AM10 -> 19 | N7: =가동율!AM11 -> 21 | O7: =가동율!AM12 -> 19 | P7: =가동율!AM13 -> 22 | Q7: =가동율!AM14 -> 17 | R7: =가동율!AM15 -> 20 | S7: =가동율!AM16 -> 21 | T7: =SUM(H7:S7) -> 236
A8: 6 | B8: L7-40PT-3 | C8: ='1월'!AH13+'2월'!AH13+'3월'!AH13+'4월'!AH13+'5월'!AH13+'6월'!AH13+'7월'!AH13+'8월'!AH13+'9월'!AH13+'10월'!AH13+'11월'!AH13+'12월'!AH13 -> 0 | D8: ='1월'!AI13+'2월'!AI13+'3월'!AI13+'4월'!AI13+'5월'!AI13+'6월'!AI13+'7월'!AI13+'8월'!AI13+'9월'!AI13+'10월'!AI13+'11월'!AI13+'12월'!AI13 -> 0 | E8: =IFERROR(D8*100/C8,"0") -> 0 | G8: 생산 인원(人) | H8: 2 | I8: 2 | J8: 2 | K8: 2 | L8: 2 | M8: 2 | N8: 2 | O8: 2 | P8: 2 | Q8: 2 | R8: 2 | S8: 2 | T8: =SUM(H8:S8) -> 24
A9: 7 | B9: L7-64PT-3 | C9: ='1월'!AH14+'2월'!AH14+'3월'!AH14+'4월'!AH14+'5월'!AH14+'6월'!AH14+'7월'!AH14+'8월'!AH14+'9월'!AH14+'10월'!AH14+'11월'!AH14+'12월'!AH14 -> 0 | D9: ='1월'!AI14+'2월'!AI14+'3월'!AI14+'4월'!AI14+'5월'!AI14+'6월'!AI14+'7월'!AI14+'8월'!AI14+'9월'!AI14+'10월'!AI14+'11월'!AI14+'12월'!AI14 -> 0 | E9: =IFERROR(D9*100/C9,"0") -> 0 | G9: 월 별 Capa 인원(人) | H9: =H10*H7 -> 32.75 | I9: =I10*I7 -> 39 | J9: =J10*J7 -> 39 | K9: =K10*K7 -> 40.5 | L9: =L10*L7 -> 36 | M9: =M10*M7 -> 38 | N9: =N10*N7 -> 42 | O9: =O10*O7 -> 37 | ... S9: =S10*S7 -> 38.75 | T9: =SUM(H9:S9) -> 457.5
A10: 8 | B10: L7-100PT-3 | C10: ='1월'!AH15+'2월'!AH15+'3월'!AH15+'4월'!AH15+'5월'!AH15+'6월'!AH15+'7월'!AH15+'8월'!AH15+'9월'!AH15+'10월'!AH15+'11월'!AH15+'12월'!AH15 -> 0 | D10: ='1월'!AI15+'2월'!AI15+'3월'!AI15+'4월'!AI15+'5월'!AI15+'6월'!AI15+'7월'!AI15+'8월'!AI15+'9월'!AI15+'10월'!AI15+'11월'!AI15+'12월'!AI15 -> 0 | E10: =IFERROR(D10*100/C10,"0") -> 0 | G10: 일일 평균 작업 인원 | H10: =가동율!AL5 -> 1.9264706 | I10: =가동율!AL6 -> 1.95 | J10: =가동율!AL7 -> 1.95 | K10: =가동율!AL8 -> 1.8409091 | L10: =가동율!AL9 -> 2 | M10: =가동율!AL10 -> 2 | N10: =가동율!AL11 -> 2 | O10: =가동율!AL12 -> 1.9473684 | P10: =가동율!AL13 -> 2 | Q10: =가동율!AL14 -> 1.8823529 | R10: =가동율!AL15 -> 1.925 | S10: =가동율!AL16 -> 1.8452381 | T10: =T9/T7 -> 1.9385593
A11: 9 | B11: L12-6PT-3 | C11: ='1월'!AH16+'2월'!AH16+'3월'!AH16+'4월'!AH16+'5월'!AH16+'6월'!AH16+'7월'!AH16+'8월'!AH16+'9월'!AH16+'10월'!AH16+'11월'!AH16+'12월'!AH16 -> 0 | D11: ='1월'!AI16+'2월'!AI16+'3월'!AI16+'4월'!AI16+'5월'!AI16+'6월'!AI16+'7월'!AI16+'8월'!AI16+'9월'!AI16+'10월'!AI16+'11월'!AI16+'12월'!AI16 -> 0 | E11: =IFERROR(D11*100/C11,"0") -> 0 | G11: 가동[%] | H11: =가동율!AN5 -> 96.323529 | I11: =가동율!AN6 -> 97.5 | J11: =가동율!AN7 -> 97.5 | K11: =가동율!AN8 -> 92.045455 | L11: =가동율!AN9 -> 100 | M11: =가동율!AN10 -> 100 | N11: =가동율!AN11 -> 100 | O11: =가동율!AN12 -> 97.368421 | P11: =가동율!AN13 -> 100 | Q11: =가동율!AN14 -> 94.117647 | R11: =가동율!AN15 -> 96.25 | S11: =가동율!AN16 -> 92.261905 | T11: =가동율!AK17*100/가동율!AJ17 -> 96.927966
A12: 10 | B12: L12-12PT-3 | C12: ='1월'!AH17+'2월'!AH17+'3월'!AH17+'4월'!AH17+'5월'!AH17+'6월'!AH17+'7월'!AH17+'8월'!AH17+'9월'!AH17+'10월'!AH17+'11월'!AH17+'12월'!AH17 -> 0 | D12: ='1월'!AI17+'2월'!AI17+'3월'!AI17+'4월'!AI17+'5월'!AI17+'6월'!AI17+'7월'!AI17+'8월'!AI17+'9월'!AI17+'10월'!AI17+'11월'!AI17+'12월'!AI17 -> 0 | E12: =IFERROR(D12*100/C12,"0") -> 0 | G12: 월 생산 목표(개) | H12: =가동율!AR5 -> 625.50657 | I12: =가동율!AR6 -> 742.98438 | J12: =가동율!AR7 -> 742.42532 | K12: =가동율!AR8 -> 800.13913 | L12: =가동율!AR9 -> 710.77973 | M12: =가동율!AR10 -> 746.5829 | N12: =가동율!AR11 -> 815.87513 | O12: =가동율!AR12 -> 737.93968 | P12: =가동율!AR13 -> 838.81098 | Q12: =가동율!AR14 -> 616.10085 | R12: =가동율!AR15 -> 742.896 | S12: =가동율!AR16 -> 752.52311 | T12: =SUM(H12:S12) -> 8872.5638
A13: 11 | B13: L12-13PT-3 | C13: ='1월'!AH18+'2월'!AH18+'3월'!AH18+'4월'!AH18+'5월'!AH18+'6월'!AH18+'7월'!AH18+'8월'!AH18+'9월'!AH18+'10월'!AH18+'11월'!AH18+'12월'!AH18 -> 0 | D13: ='1월'!AI18+'2월'!AI18+'3월'!AI18+'4월'!AI18+'5월'!AI18+'6월'!AI18+'7월'!AI18+'8월'!AI18+'9월'!AI18+'10월'!AI18+'11월'!AI18+'12월'!AI18 -> 0 | E13: =IFERROR(D13*100/C13,"0") -> 0 | G13: 월 생산 수(개) | H13: =H5 -> 533 | I13: =I5 -> 397 | J13: =J5 -> 695 | K13: =K5 -> 828 | L13: =L5 -> 809 | M13: =M5 -> 1006 | N13: =N5 -> 961 | O13: =O5 -> 862 | ... S13: =S5 -> 411 | T13: =SUM(H13:S13) -> 8425
A14: 12 | B14: L12-20PT-3 | C14: ='1월'!AH19+'2월'!AH19+'3월'!AH19+'4월'!AH19+'5월'!AH19+'6월'!AH19+'7월'!AH19+'8월'!AH19+'9월'!AH19+'10월'!AH19+'11월'!AH19+'12월'!AH19 -> 11 | D14: ='1월'!AI19+'2월'!AI19+'3월'!AI19+'4월'!AI19+'5월'!AI19+'6월'!AI19+'7월'!AI19+'8월'!AI19+'9월'!AI19+'10월'!AI19+'11월'!AI19+'12월'!AI19 -> 0 | E14: =IFERROR(D14*100/C14,"0") -> 0 | G14: 목표 달성 % | H14: =IFERROR(H13*100/H12,"0") -> 85.210936 | I14: =IFERROR(I13*100/I12,"0") -> 53.433155 | J14: =IFERROR(J13*100/J12,"0") -> 93.612109 | K14: =IFERROR(K13*100/K12,"0") -> 103.482 | L14: =IFERROR(L13*100/L12,"0") -> 113.81867 | M14: =IFERROR(M13*100/M12,"0") -> 134.74726 | N14: =IFERROR(N13*100/N12,"0") -> 117.78763 | O14: =IFERROR(O13*100/O12,"0") -> 116.81172 | ... T14: =IFERROR(T13*100/T12,"0") -> 94.955643
A15: 13 | B15: L12-40PT-3 | C15: ='1월'!AH20+'2월'!AH20+'3월'!AH20+'4월'!AH20+'5월'!AH20+'6월'!AH20+'7월'!AH20+'8월'!AH20+'9월'!AH20+'10월'!AH20+'11월'!AH20+'12월'!AH20 -> 346 | D15: ='1월'!AI20+'2월'!AI20+'3월'!AI20+'4월'!AI20+'5월'!AI20+'6월'!AI20+'7월'!AI20+'8월'!AI20+'9월'!AI20+'10월'!AI20+'11월'!AI20+'12월'!AI20 -> 1 | E15: =IFERROR(D15*100/C15,"0") -> 0.28901734 | G15: 인당 생산수/day | H15: =가동율!AT5 -> 16.274809 | I15: =가동율!AT6 -> 10.179487 | J15: =가동율!AT7 -> 17.820513 | K15: =가동율!AT8 -> 20.444444 | L15: =가동율!AT9 -> 22.472222 | M15: =가동율!AT10 -> 26.473684 | N15: =가동율!AT11 -> 22.880952 | O15: =가동율!AT12 -> 23.297297 | P15: =가동율!AT13 -> 20.704545 | Q15: =가동율!AT14 -> 18.34375 | R15: =가동율!AT15 -> 11.038961 | S15: =가동율!AT16 -> 10.606452 | T15: =AVERAGE(H15:S15) -> 18.378093
A16: 14 | B16: L12-64PT-3 | C16: ='1월'!AH21+'2월'!AH21+'3월'!AH21+'4월'!AH21+'5월'!AH21+'6월'!AH21+'7월'!AH21+'8월'!AH21+'9월'!AH21+'10월'!AH21+'11월'!AH21+'12월'!AH21 -> 0 | D16: ='1월'!AI21+'2월'!AI21+'3월'!AI21+'4월'!AI21+'5월'!AI21+'6월'!AI21+'7월'!AI21+'8월'!AI21+'9월'!AI21+'10월'!AI21+'11월'!AI21+'12월'!AI21 -> 0 | E16: =IFERROR(D16*100/C16,"0") -> 0 | G16: 인당 생산수 목표/day | H16: =가동율!AQ5 -> 19.099437 | I16: =가동율!AQ6 -> 19.050882 | J16: =가동율!AQ7 -> 19.036547 | K16: =가동율!AQ9 -> 19.743881 | L16: =가동율!AQ10 -> 19.646918 | M16: =가동율!AQ10 -> 19.646918 | N16: =가동율!AQ11 -> 19.425598 | O16: =가동율!AQ12 -> 19.944316 | P16: =가동율!AQ13 -> 19.063886 | Q16: =가동율!AQ14 -> 19.253152 | R16: =가동율!AQ15 -> 19.296 | S16: =가동율!AQ16 -> 19.419951 | T16: =AVERAGE(H16:S16) -> 19.385624
A17: 15 | B17: L12-100PT-3 | C17: ='1월'!AH22+'2월'!AH22+'3월'!AH22+'4월'!AH22+'5월'!AH22+'6월'!AH22+'7월'!AH22+'8월'!AH22+'9월'!AH22+'10월'!AH22+'11월'!AH22+'12월'!AH22 -> 0 | D17: ='1월'!AI22+'2월'!AI22+'3월'!AI22+'4월'!AI22+'5월'!AI22+'6월'!AI22+'7월'!AI22+'8월'!AI22+'9월'!AI22+'10월'!AI22+'11월'!AI22+'12월'!AI22 -> 0 | E17: =IFERROR(D17*100/C17,"0") -> 0 | G17: 목표UPH(개) | H17: =IFERROR((가동율!AR5/H7)/8,"0") -> 4.599313 | I17: =IFERROR((가동율!AR6/가동율!AM6)/8,"0") -> 4.6436524 | J17: =IFERROR((가동율!AR7/가동율!AM7)/8,"0") -> 4.6401583 | K17: =IFERROR((가동율!AR8/가동율!AM8)/8,"0") -> 4.5462451 | L17: =IFERROR((가동율!AR9/가동율!AM9)/8,"0") -> 4.9359703 | M17: =IFERROR((가동율!AR10/가동율!AM10)/8,"0") -> 4.9117296 | N17: =IFERROR((가동율!AR11/가동율!AM11)/8,"0") -> 4.8563996 | O17: =IFERROR((가동율!AR12/가동율!AM12)/8,"0") -> 4.8548663 | P17: =IFERROR((가동율!AR13/가동율!AM13)/8,"0") -> 4.7659715 | Q17: =IFERROR((가동율!AR14/가동율!AM14)/8,"0") -> 4.5301533 | R17: =IFERROR((가동율!AR15/가동율!AM15)/8,"0") -> 4.6431 | S17: =IFERROR((가동율!AR16/가동율!AM16)/8,"0") -> 4.4793043 | T17: =AVERAGE(H17:S17) -> 4.700572
A18: 16 | B18: L12-100PT-3MI | C18: ='1월'!AH23+'2월'!AH23+'3월'!AH23+'4월'!AH23+'5월'!AH23+'6월'!AH23+'7월'!AH23+'8월'!AH23+'9월'!AH23+'10월'!AH23+'11월'!AH23+'12월'!AH23 -> 302 | D18: ='1월'!AI23+'2월'!AI23+'3월'!AI23+'4월'!AI23+'5월'!AI23+'6월'!AI23+'7월'!AI23+'8월'!AI23+'9월'!AI23+'10월'!AI23+'11월'!AI23+'12월'!AI23 -> 1 | E18: =IFERROR(D18*100/C18,"0") -> 0.33112583 | G18: UPH(개) | H18: =H15*H10/8 -> 3.9191176 | I18: =I15*I10/8 -> 2.48125 | J18: =J15*J10/8 -> 4.34375 | K18: =K15*K10/8 -> 4.7045455 | L18: =L15*L10/8 -> 5.6180556 | M18: =M15*M10/8 -> 6.6184211 | N18: =N15*N10/8 -> 5.7202381 | O18: =O15*O10/8 -> 5.6710526 | ... S18: =S15*S10/8 -> 2.4464286 | T18: =AVERAGE(H18:O18) -> 4.8845538
A19: 17 | B19: L12-12F-3 | C19: ='1월'!AH24+'2월'!AH24+'3월'!AH24+'4월'!AH24+'5월'!AH24+'6월'!AH24+'7월'!AH24+'8월'!AH24+'9월'!AH24+'10월'!AH24+'11월'!AH24+'12월'!AH24 -> 1 | D19: ='1월'!AI24+'2월'!AI24+'3월'!AI24+'4월'!AI24+'5월'!AI24+'6월'!AI24+'7월'!AI24+'8월'!AI24+'9월'!AI24+'10월'!AI24+'11월'!AI24+'12월'!AI24 -> 0 | E19: =IFERROR(D19*100/C19,"0") -> 0 | G19: 목표 달성 % | H19: =IFERROR(H18*100/H17,"0") -> 85.210936 | I19: =IFERROR(I18*100/I17,"0") -> 53.433155 | J19: =IFERROR(J18*100/J17,"0") -> 93.612109 | K19: =IFERROR(K18*100/K17,"0") -> 103.482 | L19: =IFERROR(L18*100/L17,"0") -> 113.81867 | M19: =IFERROR(M18*100/M17,"0") -> 134.74726 | N19: =IFERROR(N18*100/N17,"0") -> 117.78763 | O19: =IFERROR(O18*100/O17,"0") -> 116.81172 | ... S19: =IFERROR(S18*100/S17,"0") -> 54.616263 | T19: =T18*100/T17 -> 103.91403
A20: 18 | B20: L12-20F-3 | C20: ='1월'!AH25+'2월'!AH25+'3월'!AH25+'4월'!AH25+'5월'!AH25+'6월'!AH25+'7월'!AH25+'8월'!AH25+'9월'!AH25+'10월'!AH25+'11월'!AH25+'12월'!AH25 -> 1841 | D20: ='1월'!AI25+'2월'!AI25+'3월'!AI25+'4월'!AI25+'5월'!AI25+'6월'!AI25+'7월'!AI25+'8월'!AI25+'9월'!AI25+'10월'!AI25+'11월'!AI25+'12월'!AI25 -> 10 | E20: =IFERROR(D20*100/C20,"0") -> 0.54318305 | G20: 월 별 직행 [%] | H20: =100-H6 -> 97.262774 | I20: =100-I6 -> 95.662651 | J20: =100-J6 -> 97.61236 | K20: =100-K6 -> 99.043062 | L20: =100-L6 -> 98.538368 | M20: =100-M6 -> 99.308983 | N20: =100-N6 -> 99.27686 | O20: =100-O6 -> 99.308756 | ... S20: =100-S6 -> 99.515738 | T20: =T5*100/T3 -> 98.653396
A21: 19 | B21: L12-40F-3 | C21: ='1월'!AH26+'2월'!AH26+'3월'!AH26+'4월'!AH26+'5월'!AH26+'6월'!AH26+'7월'!AH26+'8월'!AH26+'9월'!AH26+'10월'!AH26+'11월'!AH26+'12월'!AH26 -> 1058 | D21: ='1월'!AI26+'2월'!AI26+'3월'!AI26+'4월'!AI26+'5월'!AI26+'6월'!AI26+'7월'!AI26+'8월'!AI26+'9월'!AI26+'10월'!AI26+'11월'!AI26+'12월'!AI26 -> 8 | E21: =IFERROR(D21*100/C21,"0") -> 0.75614367 | G21: 직행 률 목표FPY[%] | H21: 97 | I21: =H21 -> 97 | J21: =H21 -> 97 | K21: =H21 -> 97 | L21: =H21 -> 97 | M21: =H21 -> 97 | N21: =H21 -> 97 | O21: =H21 -> 97 | P21: =H21 -> 97 | Q21: =H21 -> 97 | R21: =H21 -> 97 | S21: =H21 -> 97
A22: 20 | B22: L12-40F-3KL | C22: ='1월'!AH27+'2월'!AH27+'3월'!AH27+'4월'!AH27+'5월'!AH27+'6월'!AH27+'7월'!AH27+'8월'!AH27+'9월'!AH27+'10월'!AH27+'11월'!AH27+'12월'!AH27 -> 10 | D22: ='1월'!AI27+'2월'!AI27+'3월'!AI27+'4월'!AI27+'5월'!AI27+'6월'!AI27+'7월'!AI27+'8월'!AI27+'9월'!AI27+'10월'!AI27+'11월'!AI27+'12월'!AI27 -> 0 | E22: =IFERROR(D22*100/C22,"0") -> 0
A23: 21 | B23: L12-20PT-3EL | C23: ='1월'!AH28+'2월'!AH28+'3월'!AH28+'4월'!AH28+'5월'!AH28+'6월'!AH28+'7월'!AH28+'8월'!AH28+'9월'!AH28+'10월'!AH28+'11월'!AH28+'12월'!AH28 -> 0 | D23: ='1월'!AI28+'2월'!AI28+'3월'!AI28+'4월'!AI28+'5월'!AI28+'6월'!AI28+'7월'!AI28+'8월'!AI28+'9월'!AI28+'10월'!AI28+'11월'!AI28+'12월'!AI28 -> 0 | E23: =IFERROR(D23*100/C23,"0") -> 0
A24: 22 | B24: L12-64F-3 | C24: ='1월'!AH29+'2월'!AH29+'3월'!AH29+'4월'!AH29+'5월'!AH29+'6월'!AH29+'7월'!AH29+'8월'!AH29+'9월'!AH29+'10월'!AH29+'11월'!AH29+'12월'!AH29 -> 0 | D24: ='1월'!AI29+'2월'!AI29+'3월'!AI29+'4월'!AI29+'5월'!AI29+'6월'!AI29+'7월'!AI29+'8월'!AI29+'9월'!AI29+'10월'!AI29+'11월'!AI29+'12월'!AI29 -> 0 | E24: =IFERROR(D24*100/C24,"0") -> 0
A25: 23 | B25: L12-100F-3 | C25: ='1월'!AH30+'2월'!AH30+'3월'!AH30+'4월'!AH30+'5월'!AH30+'6월'!AH30+'7월'!AH30+'8월'!AH30+'9월'!AH30+'10월'!AH30+'11월'!AH30+'12월'!AH30 -> 213 | D25: ='1월'!AI30+'2월'!AI30+'3월'!AI30+'4월'!AI30+'5월'!AI30+'6월'!AI30+'7월'!AI30+'8월'!AI30+'9월'!AI30+'10월'!AI30+'11월'!AI30+'12월'!AI30 -> 3 | E25: =IFERROR(D25*100/C25,"0") -> 1.4084507
A26: 24 | B26: D7-6PT-3 | C26: ='1월'!AH31+'2월'!AH31+'3월'!AH31+'4월'!AH31+'5월'!AH31+'6월'!AH31+'7월'!AH31+'8월'!AH31+'9월'!AH31+'10월'!AH31+'11월'!AH31+'12월'!AH31 -> 10 | D26: ='1월'!AI31+'2월'!AI31+'3월'!AI31+'4월'!AI31+'5월'!AI31+'6월'!AI31+'7월'!AI31+'8월'!AI31+'9월'!AI31+'10월'!AI31+'11월'!AI31+'12월'!AI31 -> 0 | E26: =IFERROR(D26*100/C26,"0") -> 0
A27: 25 | B27: D7-6F-3 | C27: ='1월'!AH32+'2월'!AH32+'3월'!AH32+'4월'!AH32+'5월'!AH32+'6월'!AH32+'7월'!AH32+'8월'!AH32+'9월'!AH32+'10월'!AH32+'11월'!AH32+'12월'!AH32 -> 0 | D27: ='1월'!AI32+'2월'!AI32+'3월'!AI32+'4월'!AI32+'5월'!AI32+'6월'!AI32+'7월'!AI32+'8월'!AI32+'9월'!AI32+'10월'!AI32+'11월'!AI32+'12월'!AI32 -> 0 | E27: =IFERROR(D27*100/C27,"0") -> 0
A28: 26 | B28: D12-12PT-3 | C28: ='1월'!AH33+'2월'!AH33+'3월'!AH33+'4월'!AH33+'5월'!AH33+'6월'!AH33+'7월'!AH33+'8월'!AH33+'9월'!AH33+'10월'!AH33+'11월'!AH33+'12월'!AH33 -> 181 | D28: ='1월'!AI33+'2월'!AI33+'3월'!AI33+'4월'!AI33+'5월'!AI33+'6월'!AI33+'7월'!AI33+'8월'!AI33+'9월'!AI33+'10월'!AI33+'11월'!AI33+'12월'!AI33 -> 1 | E28: =IFERROR(D28*100/C28,"0") -> 0.55248619
A29: 27 | B29: D12-12F-3 | C29: ='1월'!AH34+'2월'!AH34+'3월'!AH34+'4월'!AH34+'5월'!AH34+'6월'!AH34+'7월'!AH34+'8월'!AH34+'9월'!AH34+'10월'!AH34+'11월'!AH34+'12월'!AH34 -> 71 | D29: ='1월'!AI34+'2월'!AI34+'3월'!AI34+'4월'!AI34+'5월'!AI34+'6월'!AI34+'7월'!AI34+'8월'!AI34+'9월'!AI34+'10월'!AI34+'11월'!AI34+'12월'!AI34 -> 0 | E29: =IFERROR(D29*100/C29,"0") -> 0
A30: 28 | B30: D12-6PT-3 | C30: ='1월'!AH35+'2월'!AH35+'3월'!AH35+'4월'!AH35+'5월'!AH35+'6월'!AH35+'7월'!AH35+'8월'!AH35+'9월'!AH35+'10월'!AH35+'11월'!AH35+'12월'!AH35 -> 40 | D30: ='1월'!AI35+'2월'!AI35+'3월'!AI35+'4월'!AI35+'5월'!AI35+'6월'!AI35+'7월'!AI35+'8월'!AI35+'9월'!AI35+'10월'!AI35+'11월'!AI35+'12월'!AI35 -> 0 | E30: =IFERROR(D30*100/C30,"0") -> 0
A31: 29 | B31: D12-6F-3 | C31: ='1월'!AH36+'2월'!AH36+'3월'!AH36+'4월'!AH36+'5월'!AH36+'6월'!AH36+'7월'!AH36+'8월'!AH36+'9월'!AH36+'10월'!AH36+'11월'!AH36+'12월'!AH36 -> 20 | D31: ='1월'!AI36+'2월'!AI36+'3월'!AI36+'4월'!AI36+'5월'!AI36+'6월'!AI36+'7월'!AI36+'8월'!AI36+'9월'!AI36+'10월'!AI36+'11월'!AI36+'12월'!AI36 -> 0 | E31: =IFERROR(D31*100/C31,"0") -> 0
A32: 30 | B32: D7-12PT-3 | C32: ='1월'!AH37+'2월'!AH37+'3월'!AH37+'4월'!AH37+'5월'!AH37+'6월'!AH37+'7월'!AH37+'8월'!AH37+'9월'!AH37+'10월'!AH37+'11월'!AH37+'12월'!AH37 -> 10 | D32: ='1월'!AI37+'2월'!AI37+'3월'!AI37+'4월'!AI37+'5월'!AI37+'6월'!AI37+'7월'!AI37+'8월'!AI37+'9월'!AI37+'10월'!AI37+'11월'!AI37+'12월'!AI37 -> 0 | E32: =IFERROR(D32*100/C32,"0") -> 0
A33: 31 | B33: D7-12F-3 | C33: ='1월'!AH38+'2월'!AH38+'3월'!AH38+'4월'!AH38+'5월'!AH38+'6월'!AH38+'7월'!AH38+'8월'!AH38+'9월'!AH38+'10월'!AH38+'11월'!AH38+'12월'!AH38 -> 0 | D33: ='1월'!AI38+'2월'!AI38+'3월'!AI38+'4월'!AI38+'5월'!AI38+'6월'!AI38+'7월'!AI38+'8월'!AI38+'9월'!AI38+'10월'!AI38+'11월'!AI38+'12월'!AI38 -> 0 | E33: =IFERROR(D33*100/C33,"0") -> 0
... A182: 180 | B182: IR-CT01 | C182: ='1월'!AH187+'2월'!AH187+'3월'!AH187+'4월'!AH187+'5월'!AH187+'6월'!AH187+'7월'!AH187+'8월'!AH187+'9월'!AH187+'10월'!AH187+'11월'!AH187+'12월'!AH187 -> 0 | D182: ='1월'!AI187+'2월'!AI187+'3월'!AI187+'4월'!AI187+'5월'!AI187+'6월'!AI187+'7월'!AI187+'8월'!AI187+'9월'!AI187+'10월'!AI187+'11월'!AI187+'12월'!AI187 -> 0 | E182: =IFERROR(D182*100/C182,"0") -> 0
C183: =SUM(C3:C182) -> 8540 | D183: =SUM(D3:D182) -> 115 | E183: =D183/C183 -> 0.013466042

Sheet Model별 생산현황1
B1: Model | C1: 검사 수[EA] | D1: 불량 수[EA] | E1: 양품 수[EA] | F1: 점유 % | G1: 불량% | I1: 검사 수 | J1: 불량 수 | K1: 양품수(생산수) | L1: 불량%
B2: L12-20F-3 | C2: =VLOOKUP(B2,'생산 현황'!$B$2:$E$182,2,0) -> 1841 | D2: =VLOOKUP(B2,'생산 현황'!$B$2:$E$182,3,0) -> 10 | E2: =C2-D2 -> 1831 | F2: =IFERROR(E2*100/$K$2,"0") -> 21.732938 | G2: =IFERROR(D2*100/C2,"0") -> 0.54318305 | I2: =SUM(C2:C175) -> 8540 | J2: =SUM(D2:D175) -> 115 | K2: =I2-J2 -> 8425 | L2: =IFERROR((J2*100/I2),"0") -> 1.3466042
B3: L12-40F-3 | C3: =VLOOKUP(B3,'생산 현황'!$B$2:$E$182,2,0) -> 1058 | D3: =VLOOKUP(B3,'생산 현황'!$B$2:$E$182,3,0) -> 8 | E3: =C3-D3 -> 1050 | F3: =IFERROR(E3*100/$K$2,"0") -> 12.462908 | G3: =IFERROR(D3*100/C3,"0") -> 0.75614367
B4: 12Lf-12F-27 | C4: =VLOOKUP(B4,'생산 현황'!$B$2:$E$182,2,0) -> 619 | D4: =VLOOKUP(B4,'생산 현황'!$B$2:$E$182,3,0) -> 5 | E4: =C4-D4 -> 614 | F4: =IFERROR(E4*100/$K$2,"0") -> 7.2878338 | G4: =IFERROR(D4*100/C4,"0") -> 0.80775444
B5: L12-20PT-3ES | C5: =VLOOKUP(B5,'생산 현황'!$B$2:$E$182,2,0) -> 426 | D5: =VLOOKUP(B5,'생산 현황'!$B$2:$E$182,3,0) -> 4 | E5: =C5-D5 -> 422 | F5: =IFERROR(E5*100/$K$2,"0") -> 5.0089021 | G5: =IFERROR(D5*100/C5,"0") -> 0.93896714
B6: 12Lf-100F-27 | C6: =VLOOKUP(B6,'생산 현황'!$B$2:$E$182,2,0) -> 386 | D6: =VLOOKUP(B6,'생산 현황'!$B$2:$E$182,3,0) -> 6 | E6: =C6-D6 -> 380 | F6: =IFERROR(E6*100/$K$2,"0") -> 4.5103858 | G6: =IFERROR(D6*100/C6,"0") -> 1.5544041
B7: L12-40PT-3 | C7: =VLOOKUP(B7,'생산 현황'!$B$2:$E$182,2,0) -> 346 | D7: =VLOOKUP(B7,'생산 현황'!$B$2:$E$182,3,0) -> 1 | E7: =C7-D7 -> 345 | F7: =IFERROR(E7*100/$K$2,"0") -> 4.0949555 | G7: =IFERROR(D7*100/C7,"0") -> 0.28901734
B8: L12-100PT-3MI | C8: =VLOOKUP(B8,'생산 현황'!$B$2:$E$182,2,0) -> 302 | D8: =VLOOKUP(B8,'생산 현황'!$B$2:$E$182,3,0) -> 1 | E8: =C8-D8 -> 301 | F8: =IFERROR(E8*100/$K$2,"0") -> 3.5727003 | G8: =IFERROR(D8*100/C8,"0") -> 0.33112583
B9: L12-100F-3 | C9: =VLOOKUP(B9,'생산 현황'!$B$2:$E$182,2,0) -> 213 | D9: =VLOOKUP(B9,'생산 현황'!$B$2:$E$182,3,0) -> 3 | E9: =C9-D9 -> 210 | F9: =IFERROR(E9*100/$K$2,"0") -> 2.4925816 | G9: =IFERROR(D9*100/C9,"0") -> 1.4084507
B10: L12-80F-4 | C10: =VLOOKUP(B10,'생산 현황'!$B$2:$E$182,2,0) -> 207 | D10: =VLOOKUP(B10,'생산 현황'!$B$2:$E$182,3,0) -> 9 | E10: =C10-D10 -> 198 | F10: =IFERROR(E10*100/$K$2,"0") -> 2.3501484 | G10: =IFERROR(D10*100/C10,"0") -> 4.3478261
B11: D12-12PT-3 | C11: =VLOOKUP(B11,'생산 현황'!$B$2:$E$182,2,0) -> 181 | D11: =VLOOKUP(B11,'생산 현황'!$B$2:$E$182,3,0) -> 1 | E11: =C11-D11 -> 180 | F11: =IFERROR(E11*100/$K$2,"0") -> 2.1364985 | G11: =IFERROR(D11*100/C11,"0") -> 0.55248619
B12: 12Lf-78F-53 | C12: =VLOOKUP(B12,'생산 현황'!$B$2:$E$182,2,0) -> 159 | D12: =VLOOKUP(B12,'생산 현황'!$B$2:$E$182,3,0) -> 0 | E12: =C12-D12 -> 159 | F12: =IFERROR(E12*100/$K$2,"0") -> 1.8872404 | G12: =IFERROR(D12*100/C12,"0") -> 0
B13: 12Lf-35F-27 | C13: =VLOOKUP(B13,'생산 현황'!$B$2:$E$182,2,0) -> 160 | D13: =VLOOKUP(B13,'생산 현황'!$B$2:$E$182,3,0) -> 1 | E13: =C13-D13 -> 159 | F13: =IFERROR(E13*100/$K$2,"0") -> 1.8872404 | G13: =IFERROR(D13*100/C13,"0") -> 0.625
B14: 12Lf-20PT-27 | C14: =VLOOKUP(B14,'생산 현황'!$B$2:$E$182,2,0) -> 150 | D14: =VLOOKUP(B14,'생산 현황'!$B$2:$E$182,3,0) -> 3 | E14: =C14-D14 -> 147 | F14: =IFERROR(E14*100/$K$2,"0") -> 1.7448071 | G14: =IFERROR(D14*100/C14,"0") -> 2
... B181: IR-CT01 | C181: =VLOOKUP(B181,'생산 현황'!$B$2:$E$182,2,0) -> 0 | D181: =VLOOKUP(B181,'생산 현황'!$B$2:$E$182,3,0) -> 0 | E181: =C181-D181 -> 0 | F181: =IFERROR(E181*100/$K$2,"0") -> 0 | G181: =IFERROR(D181*100/C181,"0") -> 0

Sheet 가동율
AP1: ※양품(검사 합격품) 기준
B2: Time | AJ2: Standard | AS2: 실적
B3: 월/일 | C3: 1 | D3: 2 | E3: 3 | F3: 4 | G3: 5 | H3: 6 | I3: 7 | J3: 8 | K3: 9 | L3: 10 | M3: 11 | N3: 12 | O3: 13 | P3: 14 | Q3: 15 | R3: 16 | S3: 17 | T3: 18 | U3: 19 | V3: 20 | W3: 21 | X3: 22 | Y3: 23 | Z3: 24 | AA3: 25 | AB3: 26 | AC3: 27 | AD3: 28 | AE3: 29 | AF3: 30 | AG3: 31 | AH3: 작업 시간[H] | AI3: 월/항목 | AJ3: 보유 Capa/월(人) | AK3: 유효 Capa/월(人) | AL3: 일일 평균/일(人) | AM3: 작업 일수/day | AN3: 가동% | AO3: 표준 UPH | AP3: UPH (표준/1인) | AQ3: 일일목표 생산수/1인(Qty) | AR3: 월 목표 생산수(Qty) | AS3: 월 실적/Qty | AT3: 일일 인당 생산수(Qty) | AU3: UPH (생산/월) | AV3: UPH (1인/생산) | AW3: 불량% | AX3: 생산 결과 (Qty) | AY3: 목표 달성% | AZ3: 누적 수량(Qty) | BA3: 생산 CAPA 여유 % | BB3: 목표 미달성 원인 | BC3: 비가동 원인
B5: 1 | D5: 2 | E5: 2 | H5: 2 | I5: 2 | J5: 2 | K5: 2 | L5: 2 | O5: 1 | P5: 2 | Q5: 2 | R5: 2 | S5: 2 | V5: 2 | W5: 2 | X5: 1.75 | Y5: 2 | Z5: 2 | AH5: =AM5*8 -> 136 | AI5: 1 | AJ5: =AM5*2 -> 34 | AK5: =SUM(C5:AG5) -> 32.75 | AL5: =IFERROR(AVERAGE(C5:AG5),"0") -> 1.9264706 | AM5: =COUNTA(C5:AG5) -> 17 | AN5: =IFERROR(AK5*100/AJ5,"0") -> 96.323529 | AO5: =AP5*AL5 -> 4.599313 | AP5: ='1월'!$X$106 -> 2.3874296 | AQ5: ='1월'!X106*8 -> 19.099437 | AR5: =AQ5*AL5*AM5 -> 625.50657 | AS5: ='월 품질 현황'!C6 -> 533 | AT5: =IFERROR(AS5/AK5,"0") -> 16.274809 | AU5: ='1월'!R3 -> 3.9191176 | AV5: =IFERROR(AU5/AL5,"0") -> 2.0343511 | AW5: ='월 품질 현황'!C5 -> 2.7372263 | AX5: =AS5-AR5 -> -92.506567 | AY5: =IFERROR(AS5*100/AR5,"0") -> 85.210936 | AZ5: =AX5 -> -92.506567 | BA5: =IFERROR((AR5-AS5)*100/AR5,"0") -> 14.789064 | BC5: 휴가
B6: 2 | E6: 2 | F6: 2 | G6: 2 | H6: 2 | I6: 2 | L6: 2 | M6: 2 | N6: 2 | O6: 2 | P6: 2 | S6: 1 | T6: 2 | U6: 2 | V6: 2 | W6: 2 | Z6: 2 | AA6: 2 | AB6: 2 | AC6: 2 | AD6: 2 | AH6: =AM6*8 -> 160 | AI6: 2 | AJ6: =AM6*2 -> 40 | AK6: =SUM(C6:AG6) -> 39 | AL6: =IFERROR(AVERAGE(C6:AG6),"0") -> 1.95 | AM6: =COUNTA(C6:AG6) -> 20 | AN6: =IFERROR(AK6*100/AJ6,"0") -> 97.5 | AO6: =AP6*AL6 -> 4.6436524 | AP6: ='2월'!$X$106 -> 2.3813602 | AQ6: ='2월'!X106*8 -> 19.050882 | AR6: =AQ6*AL6*AM6 -> 742.98438 | AS6: ='월 품질 현황'!D6 -> 397 | AT6: =IFERROR(AS6/AK6,"0") -> 10.179487 | AU6: ='2월'!R3 -> 2.48125 | AV6: =IFERROR(AU6/AL6,"0") -> 1.2724359 | AW6: ='월 품질 현황'!D5 -> 4.3373494 | AX6: =AS6-AR6 -> -345.98438 | AY6: =IFERROR(AS6*100/AR6,"0") -> 53.433155 | AZ6: =AZ5+AX6 -> -438.49095 | BA6: =IFERROR((AR6-AS6)*100/AR6,"0") -> 46.566845 | BC6: 휴가
B7: 3 | F7: 2 | G7: 2 | H7: 2 | I7: 2 | L7: 2 | M7: 2 | N7: 2 | O7: 1 | P7: 2 | S7: 2 | T7: 2 | U7: 2 | V7: 2 | W7: 2 | Z7: 2 | AA7: 2 | AB7: 2 | AC7: 2 | AD7: 2 | AG7: 2 | AH7: =AM7*8 -> 160 | AI7: 3 | AJ7: =AM7*2 -> 40 | AK7: =SUM(C7:AG7) -> 39 | AL7: =IFERROR(AVERAGE(C7:AG7),"0") -> 1.95 | AM7: =COUNTA(C7:AG7) -> 20 | AN7: =IFERROR(AK7*100/AJ7,"0") -> 97.5 | AO7: =AP7*AL7 -> 4.6401583 | AP7: ='3월'!$X$106 -> 2.3795683 | AQ7: ='3월'!X106*8 -> 19.036547 | AR7: =AQ7*AL7*AM7 -> 742.42532 | AS7: ='월 품질 현황'!E6 -> 695 | AT7: =IFERROR(AS7/AK7,"0") -> 17.820513 | AU7: ='3월'!R3 -> 4.34375 | AV7: =IFERROR(AU7/AL7,"0") -> 2.2275641 | AW7: ='월 품질 현황'!E5 -> 2.3876404 | AX7: =AS7-AR7 -> -47.425324 | AY7: =IFERROR(AS7*100/AR7,"0") -> 93.612109 | AZ7: =AZ6+AX7 -> -485.91627 | BA7: =IFERROR((AR7-AS7)*100/AR7,"0") -> 6.3878914 | BC7: 휴가
B8: 4 | C8: 1.75 | D8: 1.75 | E8: 1 | F8: 1 | I8: 1 | J8: 2 | K8: 2 | L8: 2 | M8: 2 | P8: 2 | Q8: 2 | R8: 2 | S8: 2 | T8: 2 | W8: 2 | X8: 2 | Y8: 2 | Z8: 2 | AA8: 2 | AD8: 2 | AE8: 2 | AF8: 2 | AH8: =AM8*8 -> 176 | AI8: 4 | AJ8: =AM8*2 -> 44 | AK8: =SUM(C8:AG8) -> 40.5 | AL8: =IFERROR(AVERAGE(C8:AG8),"0") -> 1.8409091 | AM8: =COUNTA(C8:AG8) -> 22 | AN8: =IFERROR(AK8*100/AJ8,"0") -> 92.045455 | AO8: =AP8*AL8 -> 4.5462451 | AP8: ='4월'!$X$106 -> 2.4695652 | AQ8: ='4월'!X106*8 -> 19.756522 | AR8: =AQ8*AL8*AM8 -> 800.13913 | AS8: ='월 품질 현황'!F6 -> 828 | AT8: =IFERROR(AS8/AK8,"0") -> 20.444444 | AU8: ='4월'!R3 -> 4.7045455 | AV8: =IFERROR(AU8/AL8,"0") -> 2.5555556 | AW8: ='월 품질 현황'!F5 -> 0.9569378 | AX8: =AS8-AR8 -> 27.86087 | AY8: =IFERROR(AS8*100/AR8,"0") -> 103.482 | AZ8: =AZ7+AX8 -> -458.0554 | BA8: =IFERROR((AR8-AS8)*100/AR8,"0") -> -3.4820031 | BC8: 휴가
B9: 5 | I9: 2 | J9: 2 | K9: 2 | N9: 2 | O9: 2 | P9: 2 | Q9: 2 | R9: 2 | U9: 2 | V9: 2 | W9: 2 | X9: 2 | Y9: 2 | AB9: 2 | AC9: 2 | AD9: 2 | AE9: 2 | AF9: 2 | AH9: =AM9*8 -> 144 | AI9: 5 | AJ9: =AM9*2 -> 36 | AK9: =SUM(C9:AG9) -> 36 | AL9: =IFERROR(AVERAGE(C9:AG9),"0") -> 2 | AM9: =COUNTA(C9:AG9) -> 18 | AN9: =IFERROR(AK9*100/AJ9,"0") -> 100 | AO9: =AP9*AL9 -> 4.9359703 | AP9: ='5월'!$X$106 -> 2.4679852 | AQ9: ='5월'!X106*8 -> 19.743881 | AR9: =AQ9*AL9*AM9 -> 710.77973 | AS9: ='월 품질 현황'!G6 -> 809 | AT9: =IFERROR(AS9/AK9,"0") -> 22.472222 | AU9: ='5월'!R3 -> 5.6180556 | AV9: =IFERROR(AU9/AL9,"0") -> 2.8090278 | AW9: ='월 품질 현황'!G5 -> 1.4616322 | AX9: =AS9-AR9 -> 98.220272 | AY9: =IFERROR(AS9*100/AR9,"0") -> 113.81867 | AZ9: =AZ8+AX9 -> -359.83513 | BA9: =IFERROR((AR9-AS9)*100/AR9,"0") -> -13.818665
B10: 6 | D10: 2 | F10: 2 | G10: 2 | K10: 2 | L10: 2 | M10: 2 | N10: 2 | O10: 2 | R10: 2 | S10: 2 | T10: 2 | U10: 2 | V10: 2 | Y10: 2 | Z10: 2 | AA10: 2 | AB10: 2 | AC10: 2 | AF10: 2 | AH10: =AM10*8 -> 152 | AI10: 6 | AJ10: =AM10*2 -> 38 | AK10: =SUM(C10:AG10) -> 38 | AL10: =IFERROR(AVERAGE(C10:AG10),"0") -> 2 | AM10: =COUNTA(C10:AG10) -> 19 | AN10: =IFERROR(AK10*100/AJ10,"0") -> 100 | AO10: =AP10*AL10 -> 4.9117296 | AP10: ='6월'!$X$106 -> 2.4558648 | AQ10: ='6월'!X106*8 -> 19.646918 | AR10: =AQ10*AL10*AM10 -> 746.5829 | AS10: ='월 품질 현황'!H6 -> 1006 | AT10: =IFERROR(AS10/AK10,"0") -> 26.473684 | AU10: ='6월'!R3 -> 6.6184211 | AV10: =IFERROR(AU10/AL10,"0") -> 3.3092105 | AW10: ='월 품질 현황'!H5 -> 0.69101678 | AX10: =AS10-AR10 -> 259.4171 | AY10: =IFERROR(AS10*100/AR10,"0") -> 134.74726 | AZ10: =AZ9+AX10 -> -100.41803 | BA10: =IFERROR((AR10-AS10)*100/AR10,"0") -> -34.747259
B11: 7 | C11: 2 | D11: 2 | E11: 2 | F11: 2 | I11: 2 | J11: 2 | K11: 2 | L11: 2 | M11: 2 | P11: 2 | Q11: 2 | R11: 2 | S11: 2 | T11: 2 | W11: 2 | X11: 2 | Y11: 2 | Z11: 2 | AA11: 2 | AD11: 2 | AE11: 2 | AH11: =AM11*8 -> 168 | AI11: 7 | AJ11: =AM11*2 -> 42 | AK11: =SUM(C11:AG11) -> 42 | AL11: =IFERROR(AVERAGE(C11:AG11),"0") -> 2 | AM11: =COUNTA(C11:AG11) -> 21 | AN11: =IFERROR(AK11*100/AJ11,"0") -> 100 | AO11: =AP11*AL11 -> 4.8563996 | AP11: ='7월'!$X$106 -> 2.4281998 | AQ11: ='7월'!X106*8 -> 19.425598 | AR11: =AQ11*AL11*AM11 -> 815.87513 | AS11: ='월 품질 현황'!I6 -> 961 | AT11: =IFERROR(AS11/AK11,"0") -> 22.880952 | AU11: ='7월'!R3 -> 5.7202381 | AV11: =IFERROR(AU11/AL11,"0") -> 2.860119 | AW11: ='월 품질 현황'!I5 -> 0.7231405 | AX11: =AS11-AR11 -> 145.12487 | AY11: =IFERROR(AS11*100/AR11,"0") -> 117.78763 | AZ11: =AZ10+AX11 -> 44.706836 | BA11: =IFERROR((AR11-AS11)*100/AR11,"0") -> -17.787633
B12: 8 | F12: 2 | G12: 2 | H12: 2 | I12: 2 | J12: 2 | M12: 2 | N12: 2 | O12: 2 | P12: 2 | T12: 2 | U12: 2 | V12: 2 | W12: 1 | X12: 2 | AA12: 2 | AB12: 2 | AC12: 2 | AD12: 2 | AE12: 2 | AH12: =AM12*8 -> 152 | AI12: 8 | AJ12: =AM12*2 -> 38 | AK12: =SUM(C12:AG12) -> 37 | AL12: =IFERROR(AVERAGE(C12:AG12),"0") -> 1.9473684 | AM12: =COUNTA(C12:AG12) -> 19 | AN12: =IFERROR(AK12*100/AJ12,"0") -> 97.368421 | AO12: =AP12*AL12 -> 4.8548663 | AP12: ='8월'!$X$106 -> 2.4930394 | AQ12: ='8월'!X106*8 -> 19.944316 | AR12: =AQ12*AL12*AM12 -> 737.93968 | AS12: ='월 품질 현황'!J6 -> 862 | AT12: =IFERROR(AS12/AK12,"0") -> 23.297297 | AU12: ='8월'!R3 -> 5.6710526 | AV12: =IFERROR(AU12/AL12,"0") -> 2.9121622 | AW12: ='월 품질 현황'!J5 -> 0.69124424 | AX12: =AS12-AR12 -> 124.06032 | AY12: =IFERROR(AS12*100/AR12,"0") -> 116.81172 | AZ12: =AZ11+AX12 -> 168.76716 | BA12: =IFERROR((AR12-AS12)*100/AR12,"0") -> -16.811716 | BC12: 휴가
B13: 9 | C13: 2 | D13: 2 | E13: 2 | F13: 2 | G13: 2 | J13: 2 | K13: 2 | L13: 2 | M13: 2 | N13: 2 | Q13: 2 | R13: 2 | S13: 2 | T13: 2 | U13: 2 | X13: 2 | Y13: 2 | Z13: 2 | AA13: 2 | AB13: 2 | AE13: 2 | AF13: 2 | AH13: =AM13*8 -> 176 | AI13: 9 | AJ13: =AM13*2 -> 44 | AK13: =SUM(C13:AG13) -> 44 | AL13: =IFERROR(AVERAGE(C13:AG13),"0") -> 2 | AM13: =COUNTA(C13:AG13) -> 22 | AN13: =IFERROR(AK13*100/AJ13,"0") -> 100 | AO13: =AP13*AL13 -> 4.7659715 | AP13: ='9월'!$X$106 -> 2.3829857 | AQ13: ='9월'!X106*8 -> 19.063886 | AR13: =AQ13*AL13*AM13 -> 838.81098 | AS13: ='월 품질 현황'!K6 -> 911 | AT13: =IFERROR(AS13/AK13,"0") -> 20.704545 | AU13: ='9월'!R3 -> 5.1761364 | AV13: =IFERROR(AU13/AL13,"0") -> 2.5880682 | AW13: ='월 품질 현황'!K5 -> 1.1930586 | AX13: =AS13-AR13 -> 72.189023 | AY13: =IFERROR(AS13*100/AR13,"0") -> 108.60611 | AZ13: =AZ12+AX13 -> 240.95618 | BA13: =IFERROR((AR13-AS13)*100/AR13,"0") -> -8.6061133
B14: 10 | C14: 2 | D14: 2 | O14: 1 | P14: 1 | Q14: 2 | R14: 2 | S14: 2 | V14: 2 | W14: 2 | X14: 2 | Y14: 2 | Z14: 2 | AC14: 2 | AD14: 2 | AE14: 2 | AF14: 2 | AG14: 2 | AH14: =AM14*8 -> 136 | AI14: 10 | AJ14: =AM14*2 -> 34 | AK14: =SUM(C14:AG14) -> 32 | AL14: =IFERROR(AVERAGE(C14:AG14),"0") -> 1.8823529 | AM14: =COUNTA(C14:AG14) -> 17 | AN14: =IFERROR(AK14*100/AJ14,"0") -> 94.117647 | AO14: =AP14*AL14 -> 4.5301533 | AP14: ='10월'!$X$106 -> 2.406644 | AQ14: ='10월'!X106*8 -> 19.253152 | AR14: =AQ14*AL14*AM14 -> 616.10085 | AS14: ='월 품질 현황'!L6 -> 587 | AT14: =IFERROR(AS14/AK14,"0") -> 18.34375 | AU14: ='10월'!R3 -> 4.3161765 | AV14: =IFERROR(AU14/AL14,"0") -> 2.2929688 | AW14: ='월 품질 현황'!L5 -> 1.1784512 | AX14: =AS14-AR14 -> -29.100852 | AY14: =IFERROR(AS14*100/AR14,"0") -> 95.276609 | AZ14: =AZ13+AX14 -> 211.85533 | BA14: =IFERROR((AR14-AS14)*100/AR14,"0") -> 4.7233909 | BC14: 휴가
B15: 11 | E15: 1.5 | F15: 2 | G15: 1 | H15: 2 | I15: 2 | L15: 2 | M15: 2 | N15: 2 | O15: 2 | P15: 2 | S15: 2 | T15: 2 | U15: 2 | V15: 2 | W15: 2 | Z15: 2 | AA15: 2 | AB15: 2 | AC15: 2 | AD15: 2 | AH15: =AM15*8 -> 160 | AI15: 11 | AJ15: =AM15*2 -> 40 | AK15: =SUM(C15:AG15) -> 38.5 | AL15: =IFERROR(AVERAGE(C15:AG15),"0") -> 1.925 | AM15: =COUNTA(C15:AG15) -> 20 | AN15: =IFERROR(AK15*100/AJ15,"0") -> 96.25 | AO15: =AP15*AL15 -> 4.6431 | AP15: ='11월'!$X$106 -> 2.412 | AQ15: ='11월'!X106*8 -> 19.296 | AR15: =AQ15*AL15*AM15 -> 742.896 | AS15: ='월 품질 현황'!M6 -> 425 | AT15: =IFERROR(AS15/AK15,"0") -> 11.038961 | AU15: ='11월'!R3 -> 2.65625 | AV15: =IFERROR(AU15/AL15,"0") -> 1.3798701 | AW15: ='월 품질 현황'!M5 -> 1.1627907 | AX15: =AS15-AR15 -> -317.896 | AY15: =IFERROR(AS15*100/AR15,"0") -> 57.208546 | AZ15: =AZ14+AX15 -> -106.04067 | BA15: =IFERROR((AR15-AS15)*100/AR15,"0") -> 42.791454 | BC15: 휴가
B16: 12 | C16: 2 | D16: 1.5 | E16: 2 | F16: 2 | G16: 2 | J16: 2 | K16: 2 | L16: 2 | M16: 2 | N16: 2 | Q16: 2 | R16: 2 | S16: 2 | T16: 1.5 | U16: 2 | X16: 1.75 | Y16: 2 | Z16: 2 | AA16: 2 | AE16: 1 | AF16: 1 | AH16: =AM16*8 -> 168 | AI16: 12 | AJ16: =AM16*2 -> 42 | AK16: =SUM(C16:AG16) -> 38.75 | AL16: =IFERROR(AVERAGE(C16:AG16),"0") -> 1.8452381 | AM16: =COUNTA(C16:AG16) -> 21 | AN16: =IFERROR(AK16*100/AJ16,"0") -> 92.261905 | AO16: =AP16*AL16 -> 4.4793043 | AP16: ='12월'!$X$106 -> 2.4274939 | AQ16: ='12월'!X106*8 -> 19.419951 | AR16: =AQ16*AL16*AM16 -> 752.52311 | AS16: ='월 품질 현황'!N6 -> 411 | AT16: =IFERROR(AS16/AK16,"0") -> 10.606452 | AU16: ='12월'!R3 -> 2.4464286 | AV16: =IFERROR(AU16/AL16,"0") -> 1.3258065 | AW16: ='월 품질 현황'!N5 -> 0.4842615 | AX16: =AS16-AR16 -> -341.52311 | AY16: =IFERROR(AS16*100/AR16,"0") -> 54.616263 | AZ16: =AZ15+AX16 -> -447.56378 | BA16: =IFERROR((AR16-AS16)*100/AR16,"0") -> 45.383737 | BC16: 휴가/다른 제품 생산
AH17: =SUM(AH5:AH16) -> 1888 | AJ17: =SUM(AJ5:AJ16) -> 472 | AK17: =SUM(AK5:AK16) -> 457.5 | AL17: =AVERAGEIF(AL5:AL16,">0") -> 1.9389449 | AM17: =SUM(AM5:AM16) -> 236 | AN17: =AK17*100/AJ17 -> 96.927966 | AO17: =AP17*AL17 -> 4.67326 | AP17: ='Model별 생산현황'!$Q$45 -> 2.4102077 | AQ17: =AVERAGE(AQ5:AQ8) -> 19.235847 | AR17: =SUM(AR5:AR16) -> 8872.5638 | AS17: =SUM(AS5:AS16) -> 8425 | AT17: =AVERAGE(AT5:AT16) -> 18.378093 | AU17: =AVERAGEIF(AU5:AU15,">0") -> 4.6568176 | AV17: =AVERAGE(AV5:AV16) -> 2.2972616 | AX17: =AS17-AR17 -> -447.56378 | AY17: =AS17*100/AR17 -> 94.955643
AI18: 평균: | AJ18: =AVERAGEIF(AJ5:AJ16,">0") -> 39.333333 | AK18: =AVERAGEIF(AK5:AK16,">0") -> 38.125 | AL18: =AVERAGEIF(AL5:AL16,">0") -> 1.9389449 | AM18: =AVERAGEIF(AM5:AM16,">0") -> 19.666667 | AN18: =AVERAGEIF(AN5:AN16,">0") -> 96.947246 | AO18: =AVERAGEIF(AO5:AO16,">0") -> 4.700572 | AP18: =AVERAGEIF(AP5:AP16,">0") -> 2.4243447 | AQ18: =AVERAGEIF(AQ5:AQ16,">0") -> 19.394757 | ... AV18: =AVERAGEIF(AV5:AV16,">0") -> 2.2972616 | AY18: =AVERAGEIF(AY5:AY16,">0") -> 94.550917
AJ19: 유효 Capa(人) | AK19: 년 보유Capa(人) | AL19: 일일 근무 인원 (人) | AM19: 연간 작업 일수 (日) | AN19: 작업 시간 (Hour) | AO19: 연 가동% | AP19: 비 가동 원인 | AQ19: 연 생산 목표 (개) | AR19: 연간 실적(개) | AS19: 연간 목표 달성% | AT19: 연간 목표 UPH(개) | AU19: 연간 UPH (개) | AV19: 연간 UPH (1인/개) | AW19: 연간 불량 % | AX19: 누적 미달성(개) | AY19: 연간 CAPA 여유% | BA19: 미 달성 사유 | BC19: 비고
AJ20: =AK17 -> 457.5 | AK20: =AJ17 -> 472 | AL20: =AJ20/AM20 -> 1.9385593 | AM20: =SUM(AM5:AM16) -> 236 | AN20: =AM20*8 -> 1888 | AO20: =AJ20*100/AK20 -> 96.927966 | AP20: 휴가 | AQ20: =AR17 -> 8872.5638 | AR20: =AS17 -> 8425 | AS20: =AR20*100/AQ20 -> 94.955643 | AT20: =AP17*AL20 -> 4.6723306 | AU20: =IFERROR(AR20/(AM20*8),"0") -> 4.4623941 | AV20: =AU20/AL20 -> 2.3019126 | AW20: ='월 품질 현황'!O5 -> 1.3466042 | AX20: =AX17 -> -447.56378 | AY20: =IFERROR((AQ20-AR20)*100/AQ20,"0") -> 5.0443569 | BA20: 생산 계획/주문
AX22: 2025년 출하 검사 현황
AX23: 항목/월 | AY23: 1 | AZ23: 2 | BA23: 3 | BB23: 4 | BC23: 5 | BD23: 6 | BE23: 7 | BF23: 8 | BG23: 9 | BH23: 10 | BI23: 11 | BJ23: 12 | BK23: 합계
AX24: Lots 수 | AY24: =[4]품질현황!$B$3 -> 43 | AZ24: =[4]품질현황!$C$3 -> 45 | BA24: =[4]품질현황!$D$3 -> 55 | BB24: =[4]품질현황!$E$3 -> 49 | BC24: =[4]품질현황!$F$3 -> 44 | BD24: =[4]품질현황!$G$3 -> 49 | BE24: =[5]품질현황!$H$3 -> 54 | BF24: =[5]품질현황!$I$3 -> 60 | BG24: =[5]품질현황!$J$3 -> 63 | BH24: =[5]품질현황!$K$3 -> 52 | BI24: =[5]품질현황!$L$3 -> 55 | BJ24: =[5]품질현황!$M$3 -> 0 | BK24: =SUM(AY24:BJ24) -> 569
AX25: 출하 수 | AY25: =[4]품질현황!$B$6 -> 1563 | AZ25: =[4]품질현황!$C$6 -> 465 | BA25: =[4]품질현황!$D$6 -> 772 | BB25: =[4]품질현황!$E$6 -> 706 | BC25: =[4]품질현황!$F$6 -> 777 | BD25: =[4]품질현황!$G$6 -> 1310 | BE25: =[5]품질현황!$H$6 -> 1276 | BF25: =[5]품질현황!$I$6 -> 1036 | BG25: =[5]품질현황!$J$6 -> 1473 | BH25: =[5]품질현황!$K$6 -> 1459 | BI25: =[5]품질현황!$L$6 -> 551 | BJ25: =[5]품질현황!$M$6 -> 0 | BK25: =SUM(AY25:BJ25) -> 11388
AX27: 2025년 공정 검사 현황
AX28: 항목/월 | AY28: 1 | AZ28: 2 | BA28: 3 | BB28: 4 | BC28: 5 | BD28: 6 | BE28: 7 | BF28: 8 | BG28: 9 | BH28: 10 | BI28: 11 | BJ28: 12 | BK28: 합계
AX29: 생산 수 | AY29: ='월 품질 현황'!C6 -> 533 | AZ29: ='월 품질 현황'!D6 -> 397 | BA29: ='월 품질 현황'!E6 -> 695 | BB29: ='월 품질 현황'!F6 -> 828 | BC29: ='월 품질 현황'!G6 -> 809 | BD29: ='월 품질 현황'!H6 -> 1006 | BE29: ='월 품질 현황'!I6 -> 961 | BF29: ='월 품질 현황'!J6 -> 862 | ... BJ29: ='월 품질 현황'!N6 -> 411 | BK29: =SUM(AY29:BJ29) -> 8425
D31: 안전 재고 | AZ31: 생산/출하 상관 계수 : | BC31: =CORREL(AY29:BJ29,AY25:BJ25) -> 0.53860797
AE92: 월 | AF92: 실적 | AG92: 목표
AE93: 1 | AF93: =AU5 -> 3.9191176 | AG93: =AP5*AL5 -> 4.599313
AE94: 2 | AF94: =AU6 -> 2.48125 | AG94: =AP6*AL6 -> 4.6436524
AE95: 3 | AF95: =AU7 -> 4.34375 | AG95: =AP7*AL7 -> 4.6401583
AE96: 4 | AF96: =AU8 -> 4.7045455 | AG96: =AP8*AL8 -> 4.5462451
AE97: 5 | AF97: =AU9 -> 5.6180556 | AG97: =AP9*AL9 -> 4.9359703
AE98: 6 | AF98: =AU10 -> 6.6184211 | AG98: =AP10*AL10 -> 4.9117296
AE99: 7 | AF99: =AU11 -> 5.7202381 | AG99: =AP11*AL11 -> 4.8563996
AE100: 8 | AF100: =AU12 -> 5.6710526 | AG100: =AP12*AL12 -> 4.8548663
AE101: 9 | AF101: =AU13 -> 5.1761364 | AG101: =AP13*AL13 -> 4.7659715
AE102: 10 | AF102: =AU14 -> 4.3161765 | AG102: =AP14*AL14 -> 4.5301533
AE103: 11 | AF103: =AU15 -> 2.65625 | AG103: =AP15*AL15 -> 4.6431
AE104: 12 | AF104: =AU16 -> 2.4464286 | AG104: =AP16*AL16 -> 4.4793043

Sheet 현황

Sheet 월별 UPH
B2: =가동율!AT20 -> 4.6723306 | C2: Model 별 생산 점유% | G2: 월 생산 목표(Qt'y) | H2: 생산 수 (Qt'y) | I2: 생산 결과 (Qt'y) | J2: Standard UPH | K2: UPH | L2: QI % | M2: 목표 달성% | N2: 가동%
C3: Mini | D3: S/W | E3: 길이 V | F3: ACC
B4: 1 | C4: ='1월'!T104 -> 65.290807 | D4: ='1월'!U104 -> 3.7523452 | E4: ='1월'!V104 -> 30.956848 | F4: ='1월'!W104 -> 0 | G4: =가동율!AR5 -> 625.50657 | H4: ='1월'!C3-'1월'!F3 -> 533 | I4: =H4-G4 -> -92.506567 | J4: =가동율!AP5*가동율!AL5 -> 4.599313 | K4: =SUM('1월'!$R$3) -> 3.9191176 | L4: ='월 품질 현황'!C5 -> 2.7372263 | M4: =가동율!AY5 -> 85.210936 | N4: =가동율!AN5 -> 96.323529
B5: 2 | C5: ='2월'!T104 -> 47.858942 | D5: ='2월'!U104 -> 12.846348 | E5: ='2월'!V104 -> 39.29471 | F5: ='2월'!W104 -> 0 | G5: =가동율!AR6 -> 742.98438 | H5: ='2월'!C3-'2월'!F3 -> 397 | I5: =H5-G5 -> -345.98438 | J5: =가동율!AP6*가동율!AL6 -> 4.6436524 | K5: =SUM('2월'!$R$3) -> 2.48125 | L5: ='월 품질 현황'!D5 -> 4.3373494 | M5: =가동율!AY6 -> 53.433155 | N5: =가동율!AN6 -> 97.5
B6: 3 | C6: ='3월'!T104 -> 64.604317 | D6: ='3월'!U104 -> 3.0215827 | E6: ='3월'!V104 -> 32.374101 | F6: ='3월'!W104 -> 0 | G6: =가동율!AR7 -> 742.42532 | H6: ='3월'!C3-'3월'!F3 -> 695 | I6: =H6-G6 -> -47.425324 | J6: =가동율!AP7*가동율!AL7 -> 4.6401583 | K6: =SUM('3월'!$R$3) -> 4.34375 | L6: ='월 품질 현황'!E5 -> 2.3876404 | M6: =가동율!AY7 -> 93.612109 | N6: =가동율!AN7 -> 97.5
B7: 4 | C7: ='4월'!T104 -> 92.391304 | D7: ='4월'!U104 -> 0 | E7: ='4월'!V104 -> 7.6086957 | F7: ='4월'!W104 -> 0 | G7: =가동율!AR8 -> 800.13913 | H7: ='4월'!C3-'4월'!F3 -> 828 | I7: =H7-G7 -> 27.86087 | J7: =가동율!AP8*가동율!AL8 -> 4.5462451 | K7: =SUM('4월'!$R$3) -> 4.7045455 | L7: ='월 품질 현황'!F5 -> 0.9569378 | M7: =가동율!AY8 -> 103.482 | N7: =가동율!AN8 -> 92.045455
B8: 5 | C8: ='5월'!T104 -> 79.233622 | D8: ='5월'!U104 -> 7.2929543 | E8: ='5월'!V104 -> 13.473424 | F8: ='5월'!W104 -> 0 | G8: =가동율!AR9 -> 710.77973 | H8: ='5월'!C3-'5월'!F3 -> 809 | I8: =H8-G8 -> 98.220272 | J8: =가동율!AP9*가동율!AL9 -> 4.9359703 | K8: =SUM('5월'!$R$3) -> 5.6180556 | L8: ='월 품질 현황'!G5 -> 1.4616322 | M8: =가동율!AY9 -> 113.81867 | N8: =가동율!AN9 -> 100
B9: 6 | C9: ='6월'!T104 -> 88.966203 | D9: ='6월'!U104 -> 0 | E9: ='6월'!V104 -> 11.033797 | F9: ='6월'!W104 -> 0 | G9: =가동율!AR10 -> 746.5829 | H9: ='6월'!C3-'6월'!F3 -> 1006 | I9: =H9-G9 -> 259.4171 | J9: =가동율!AP10*가동율!AL10 -> 4.9117296 | K9: =SUM('6월'!$R$3) -> 6.6184211 | L9: ='월 품질 현황'!H5 -> 0.69101678 | M9: =가동율!AY10 -> 134.74726 | N9: =가동율!AN10 -> 100
B10: 7 | C10: ='7월'!T104 -> 76.586889 | D10: ='7월'!U104 -> 3.1217482 | E10: ='7월'!V104 -> 20.291363 | F10: ='7월'!W104 -> 0 | G10: =가동율!AR11 -> 815.87513 | H10: ='7월'!C3-'7월'!F3 -> 961 | I10: =H10-G10 -> 145.12487 | J10: =가동율!AP11*가동율!AL11 -> 4.8563996 | K10: =SUM('7월'!$R$3) -> 5.7202381 | L10: ='월 품질 현황'!I5 -> 0.7231405 | M10: =가동율!AY11 -> 117.78763 | N10: =가동율!AN11 -> 100
B11: 8 | C11: ='8월'!T104 -> 98.259861 | D11: ='8월'!U104 -> 0 | E11: ='8월'!V104 -> 1.7401392 | F11: ='8월'!W104 -> 0 | G11: =가동율!AR12 -> 737.93968 | H11: ='8월'!C3-'8월'!F3 -> 862 | I11: =H11-G11 -> 124.06032 | J11: =가동율!AP12*가동율!AL12 -> 4.8548663 | K11: =SUM('8월'!$R$3) -> 5.6710526 | L11: ='월 품질 현황'!J5 -> 0.69124424 | M11: =가동율!AY12 -> 116.81172 | N11: =가동율!AN12 -> 97.368421
B12: 9 | C12: ='9월'!T104 -> 64.983535 | D12: ='9월'!U104 -> 3.2930845 | E12: ='9월'!V104 -> 31.723381 | F12: ='9월'!W104 -> 0 | G12: =가동율!AR13 -> 838.81098 | H12: ='9월'!C3-'9월'!F3 -> 911 | I12: =H12-G12 -> 72.189023 | J12: =가동율!AP13*가동율!AL13 -> 4.7659715 | K12: =SUM('9월'!$R$3) -> 5.1761364 | L12: ='월 품질 현황'!K5 -> 1.1930586 | M12: =가동율!AY13 -> 108.60611 | N12: =가동율!AN13 -> 100
B13: 10 | C13: ='10월'!T104 -> 75.468484 | D13: ='10월'!U104 -> 0.68143101 | E13: ='10월'!V104 -> 23.850085 | F13: ='10월'!W104 -> 0 | G13: =가동율!AR14 -> 616.10085 | H13: ='10월'!C3-'10월'!F3 -> 587 | I13: =H13-G13 -> -29.100852 | J13: =가동율!AP14*가동율!AL14 -> 4.5301533 | K13: =SUM('10월'!$R$3) -> 4.3161765 | L13: ='월 품질 현황'!L5 -> 1.1784512 | M13: =가동율!AY14 -> 95.276609 | N13: =가동율!AN14 -> 94.117647
B14: 11 | C14: ='11월'!T104 -> 65.647059 | D14: ='11월'!U104 -> 7.0588235 | E14: ='11월'!V104 -> 27.294118 | F14: ='11월'!W104 -> 0 | G14: =가동율!AR15 -> 742.896 | H14: ='11월'!C3-'11월'!F3 -> 425 | I14: =H14-G14 -> -317.896 | J14: =가동율!AP15*가동율!AL15 -> 4.6431 | K14: =SUM('11월'!$R$3) -> 2.65625 | L14: ='월 품질 현황'!M5 -> 1.1627907 | M14: =가동율!AY15 -> 57.208546 | N14: =가동율!AN15 -> 96.25
B15: 12 | C15: ='12월'!T104 -> 77.615572 | D15: ='12월'!U104 -> 2.43309 | E15: ='12월'!V104 -> 19.951338 | F15: ='12월'!W104 -> 0 | G15: =가동율!AR16 -> 752.52311 | H15: ='12월'!C3-'12월'!F3 -> 411 | I15: =H15-G15 -> -341.52311 | J15: =가동율!AP16*가동율!AL16 -> 4.4793043 | K15: =SUM('12월'!$R$3) -> 2.4464286 | L15: ='월 품질 현황'!N5 -> 0.4842615 | M15: =가동율!AY16 -> 54.616263 | N15: =가동율!AN16 -> 92.261905
B16: AVR: | C16: =IFERROR(AVERAGEIF(C4:C15,">0"),"0") -> 74.742216 | D16: =IFERROR(AVERAGEIF(D4:D15,">0"),"0") -> 4.8334897 | E16: =IFERROR(AVERAGEIF(E4:E15,">0"),"0") -> 21.632667 | F16: =IFERROR(AVERAGEIF(F4:F15,">0"),"0") -> 0 | G16: =IFERROR(AVERAGEIF(G4:G15,">0"),"0") -> 739.38032 | H16: =IFERROR(AVERAGEIF(H4:H15,">0"),"0") -> 702.08333 | I16: =AVERAGEIF(I4:I15,">0") -> 121.14541 | J16: =AVERAGEIF(J4:J15,">0") -> 4.700572 | K16: =AVERAGEIF(K4:K15,">0") -> 4.4726185 | L16: =AVERAGEIF(L4:L15,">0") -> 1.5003958 | M16: =K16*100/J16 -> 95.150516 | N16: =AVERAGEIF(N4:N15,">0") -> 96.947246
H17: 누적 수: | I17: =SUM(I4:I15) -> -447.56378 | J17: 불량과 UPH 상관계수: | M17: =CORREL(L4:L15,K4:K15) -> -0.45364809
J18: 생산수와 QI 상관계수: | M18: =CORREL(I4:I15,L4:L15) -> -0.45403729
B19: 월 | C19: 1 | D19: 2 | E19: 3 | F19: 4 | G19: 5 | H19: 6 | I19: 7 | J19: 8 | K19: 9 | L19: 10 | M19: 11 | N19: 12
B20: 목표% | C20: 3 | D20: 3 | E20: 3 | F20: 3 | G20: 3 | H20: 3 | I20: 3 | J20: 3 | K20: 3 | L20: 3 | M20: 3 | N20: 3
D22: Mini V | E22: SW V | F22: 길이 V | G22: ACC | H22: 합계
C23: Standard UPH | D23: 2.5 | E23: 2.8 | F23: 2.1 | G23: 20
C24: 양품수 | D24: ='1월'!T103+'2월'!T103+'3월'!T103+'4월'!T103+'5월'!T103+'6월'!T103+'7월'!T103+'8월'!T103+'9월'!T103+'10월'!T103+'11월'!T103+'12월'!T103 -> 6504 | E24: ='1월'!U103+'2월'!U103+'3월'!U103+'4월'!U103+'5월'!U103+'6월'!U103+'7월'!U103+'8월'!U103+'9월'!U103+'10월'!U103+'11월'!U103+'12월'!U103 -> 255 | F24: ='1월'!V103+'2월'!V103+'3월'!V103+'4월'!V103+'5월'!V103+'6월'!V103+'7월'!V103+'8월'!V103+'9월'!V103+'10월'!V103+'11월'!V103+'12월'!V103 -> 1666 | G24: ='1월'!W103+'2월'!W103+'3월'!W103+'4월'!W103+'5월'!W103+'6월'!W103+'7월'!W103+'8월'!W103+'9월'!W103+'10월'!W103+'11월'!W103+'12월'!W103 -> 0 | H24: =SUM(D24:G24) -> 8425
C25: 점유% | D25: =IFERROR(D24*100/H24,"0") -> 77.198813 | E25: =IFERROR(E24*100/H24,"0") -> 3.0267062 | F25: =IFERROR(F24*100/H24,"0") -> 19.774481 | G25: =IFERROR(G24*100/H24,"0") -> 0 | H25: =SUM(D25:G25) -> 100
C26: UPH | D26: =IFERROR(D25/H25,"0") -> 0.77198813 | E26: =IFERROR(E25/H25,"0") -> 0.030267062 | F26: =IFERROR(F25/H25,"0") -> 0.19774481 | G26: =IFERROR(G25/H25,"0") -> 0 | H26: =SUM(D26:G26) -> 1
D27: =IFERROR(D23*D26,"0") -> 1.9299703 | E27: =IFERROR(E23*E26,"0") -> 0.084747774 | F27: =IFERROR(F23*F26,"0") -> 0.41526409 | G27: =IFERROR(G23*G26,"0") -> 0 | H27: =SUM(D27:G27)*가동율!AL17 -> 4.7116017
E36: 생산/출하 UPH 상관 | U36: 1 | V36: 2 | W36: 3 | X36: 4 | Y36: 5 | Z36: 6 | AA36: 7 | AB36: 8 | AC36: 9 | AD36: 10 | AE36: 11 | AF36: 12
E37: 항목/월 | F37: 1 | G37: 2 | H37: 3 | I37: 4 | J37: 5 | K37: 6 | L37: 7 | M37: 8 | N37: 9 | O37: 10 | P37: 11 | Q37: 12 | R37: 합계 | T37: ST UPH 평균 | U37: =$J$16 -> 4.700572 | V37: =$J$16 -> 4.700572 | W37: =$J$16 -> 4.700572 | X37: =$J$16 -> 4.700572 | Y37: =$J$16 -> 4.700572 | Z37: =$J$16 -> 4.700572 | AA37: =$J$16 -> 4.700572 | AB37: =$J$16 -> 4.700572 | ... AF37: =$J$16 -> 4.700572
E38: 출하 수 | F38: =[4]품질현황!$B$6 -> 1563 | G38: =[4]품질현황!$C$6 -> 465 | H38: =[4]품질현황!$D$6 -> 772 | I38: =[4]품질현황!$E$6 -> 706 | J38: =[4]품질현황!$F$6 -> 777 | K38: =[4]품질현황!$G$6 -> 1310 | L38: =[5]품질현황!$H$6 -> 1276 | M38: =[5]품질현황!$I$6 -> 1036 | N38: =[5]품질현황!$J$6 -> 1473 | O38: =[5]품질현황!$K$6 -> 1459 | P38: =[5]품질현황!$L$6 -> 551 | Q38: =[5]품질현황!$M$6 -> 0 | R38: =SUM(F38:Q38) -> 11388 | T38: UPH 평균 | U38: =$K$16 -> 4.4726185 | V38: =$K$16 -> 4.4726185 | W38: =$K$16 -> 4.4726185 | X38: =$K$16 -> 4.4726185 | Y38: =$K$16 -> 4.4726185 | Z38: =$K$16 -> 4.4726185 | AA38: =$K$16 -> 4.4726185 | AB38: =$K$16 -> 4.4726185 | ... AF38: =$K$16 -> 4.4726185
E39: 생산 수 | F39: ='월 품질 현황'!C6 -> 533 | G39: ='월 품질 현황'!D6 -> 397 | H39: ='월 품질 현황'!E6 -> 695 | I39: ='월 품질 현황'!F6 -> 828 | J39: ='월 품질 현황'!G6 -> 809 | K39: ='월 품질 현황'!H6 -> 1006 | L39: ='월 품질 현황'!I6 -> 961 | M39: ='월 품질 현황'!J6 -> 862 | ... Q39: ='월 품질 현황'!N6 -> 411 | R39: =SUM(F39:Q39) -> 8425
E40: UPH | F40: =K4 -> 3.9191176 | G40: =K5 -> 2.48125 | H40: =K6 -> 4.34375 | I40: =K7 -> 4.7045455 | J40: =K8 -> 5.6180556 | K40: =K9 -> 6.6184211 | L40: =K10 -> 5.7202381 | M40: =K11 -> 5.6710526 | N40: =K12 -> 5.1761364 | O40: =K13 -> 4.3161765 | P40: =K14 -> 2.65625 | Q40: =K15 -> 2.4464286
C73: 월 | D73: Mini V | E73: SW V | F73: 길이 V | G73: ACC | H73: MD (Man/Day) | I73: UPH/1 | J73: S/UPH | K73: 실적 (UPH)
D74: 2.5 | E74: 2.8 | F74: 2.1 | G74: 20
C75: 1 | D75: =D74*(C4/100) -> 1.6322702 | E75: =E74*(D4/100) -> 0.10506567 | F75: =F74*(E4/100) -> 0.65009381 | G75: =G74*(F4/100) -> 0 | H75: =가동율!AL5 -> 1.9264706 | I75: =SUM(D75:G75) -> 2.3874296 | J75: =I75*H75 -> 4.599313 | K75: =K4 -> 3.9191176
C76: 2 | D76: =D75*(C5/100) -> 0.78118723 | E76: =E75*(D5/100) -> 0.013497101 | F76: =F75*(E5/100) -> 0.25545248 | G76: =G75*(F5/100) -> 0 | H76: =가동율!AL6 -> 1.95 | I76: =SUM(D76:G76) -> 1.0501368 | J76: =I76*H76 -> 2.0477668 | K76: =K5 -> 2.48125
C77: 3 | D77: =D76*(C6/100) -> 0.50468067 | E77: =E76*(D6/100) -> 0.00040782606 | F77: =F76*(E6/100) -> 0.082700443 | G77: =G76*(F6/100) -> 0 | H77: =가동율!AL7 -> 1.95 | I77: =SUM(D77:G77) -> 0.58778894 | J77: =I77*H77 -> 1.1461884 | K77: =K6 -> 4.34375
C78: 4 | D78: =D77*(C7/100) -> 0.46628106 | E78: =E77*(D7/100) -> 0 | F78: =F77*(E7/100) -> 0.006292425 | G78: =G77*(F7/100) -> 0 | H78: =가동율!AL8 -> 1.8409091 | I78: =SUM(D78:G78) -> 0.47257348 | J78: =I78*H78 -> 0.86996482 | K78: =K7 -> 4.7045455
C79: 5 | D79: =D78*(C8/100) -> 0.36945137 | E79: =E78*(D8/100) -> 0 | F79: =F78*(E8/100) -> 0.0008478051 | G79: =G78*(F8/100) -> 0 | H79: =가동율!AL9 -> 2 | I79: =SUM(D79:G79) -> 0.37029917 | J79: =I79*H79 -> 0.74059835 | K79: =K8 -> 5.6180556
C80: 6 | D80: =D79*(C9/100) -> 0.32868685 | E80: =E79*(D9/100) -> 0 | F80: =F79*(E9/100) -> 9.3545095e-05 | G80: =G79*(F9/100) -> 0 | H80: =가동율!AL10 -> 2 | I80: =SUM(D80:G80) -> 0.3287804 | J80: =I80*H80 -> 0.6575608 | K80: =K9 -> 6.6184211
C81: 7 | D81: =D80*(C10/100) -> 0.25173104 | E81: =E80*(D10/100) -> 0 | F81: =F80*(E10/100) -> 1.8981575e-05 | G81: =G80*(F10/100) -> 0 | H81: =가동율!AL11 -> 2 | I81: =SUM(D81:G81) -> 0.25175002 | J81: =I81*H81 -> 0.50350003 | K81: =K10 -> 5.7202381
C82: 8 | D82: =D81*(C11/100) -> 0.24735056 | E82: =E81*(D11/100) -> 0 | F82: =F81*(E11/100) -> 3.3030583e-07 | G82: =G81*(F11/100) -> 0 | H82: =가동율!AL12 -> 1.9473684 | I82: =SUM(D82:G82) -> 0.2473509 | J82: =I82*H82 -> 0.48168332 | K82: =K11 -> 5.6710526
C83: 9 | D83: =D82*(C12/100) -> 0.16073714 | E83: =E82*(D12/100) -> 0 | F83: =F82*(E12/100) -> 1.0478418e-07 | G83: =G82*(F12/100) -> 0 | H83: =가동율!AL13 -> 2 | I83: =SUM(D83:G83) -> 0.16073724 | J83: =I83*H83 -> 0.32147449 | K83: =K12 -> 5.1761364
C84: 10 | D84: =D83*(C13/100) -> 0.12130588 | E84: =E83*(D13/100) -> 0 | F84: =F83*(E13/100) -> 2.4991115e-08 | G84: =G83*(F13/100) -> 0 | H84: =가동율!AL14 -> 1.8823529 | I84: =SUM(D84:G84) -> 0.12130591 | J84: =I84*H84 -> 0.22834053 | K84: =K13 -> 4.3161765
C85: 11 | D85: =D84*(C14/100) -> 0.079633744 | E85: =E84*(D14/100) -> 0 | F85: =F84*(E14/100) -> 6.8211044e-09 | G85: =G84*(F14/100) -> 0 | H85: =가동율!AL15 -> 1.925 | I85: =SUM(D85:G85) -> 0.079633751 | J85: =I85*H85 -> 0.15329497 | K85: =K14 -> 2.65625
C86: 12 | D86: =D85*(C15/100) -> 0.061808186 | E86: =E85*(D15/100) -> 0 | F86: =F85*(E15/100) -> 1.3609016e-09 | G86: =G85*(F15/100) -> 0 | H86: =가동율!AL16 -> 1.8452381 | I86: =SUM(D86:G86) -> 0.061808187 | J86: =I86*H86 -> 0.11405082 | K86: =K15 -> 2.4464286
D90: 2025년
D91: 월 | E91: 생산수 | F91: 불량% | G91: UPH
D92: 1월 | E92: 533 | F92: 2.74 | G92: 3.92
D93: 2월 | E93: 397 | F93: 4.34 | G93: 2.48
D94: 3월 | E94: 695 | F94: 2.39 | G94: 4.34
D95: 4월 | E95: 828 | F95: 0.96 | G95: 4.7
D96: 5월 | E96: 809 | F96: 1.46 | G96: 5.62
D97: 6월 | E97: 1006 | F97: 0.69 | G97: 6.62
D98: 7월 | E98: 961 | F98: 0.72 | G98: 5.72
D99: 8월 | E99: 862 | F99: 0.69 | G99: 5.67
D100: 9월 | E100: 911 | F100: 1.19 | G100: 5.18
D101: 10월 | E101: 587 | F101: 1.18 | G101: 4.32
D102: 11월 | E102: 425 | F102: 1.16 | G102: 2.66
D103: 12월 | E103: 130 | F103: 0.76 | G103: 4.06
C105: 생산수/QI: | E105: =CORREL(E92:E103,F92:F103) -> -0.37942694 | F105: UPH/QI: | G105: =CORREL(G92:G103,F92:F103) -> -0.63407738
J115: 주어진 조건: 상관 계수 -0.7, R2 0.144 즉 (14.4%)가 불량에 직접적 영향 따라서 불량률과 생산량 사이에는
J116: 생산량이 늘어 날 수록 불량률은 줄어들고 불량률 요인은 다른데 있다고 해석

Sheet Model별 생산현황
A1: Model | B1: 검사 수 | C1: 불량 수 | D1: 생산수(양품수) | F1: 검사 수 | G1: 불량 수 | H1: 양품수(생산수) | I1: 불량%
A2: LS2L-03EL | B2: ='생산 현황'!C3 -> 0 | C2: ='생산 현황'!D3 -> 0 | D2: =B2-C2 -> 0 | F2: =SUM(B2:B168) -> 8466 | G2: =SUM(C2:C168) -> 111 | H2: =F2-G2 -> 8355 | I2: =IFERROR((G2*100/F2),"0") -> 1.3111269
A3: L7-6PT-3 | B3: ='생산 현황'!C4 -> 0 | C3: ='생산 현황'!D4 -> 0 | D3: =B3-C3 -> 0
A4: L7-12PT-3 | B4: ='생산 현황'!C5 -> 0 | C4: ='생산 현황'!D5 -> 0 | D4: =B4-C4 -> 0
A5: L7-13PT-3 | B5: ='생산 현황'!C6 -> 0 | C5: ='생산 현황'!D6 -> 0 | D5: =B5-C5 -> 0
A6: L7-20PT-3 | B6: ='생산 현황'!C7 -> 0 | C6: ='생산 현황'!D7 -> 0 | D6: =B6-C6 -> 0
A7: L7-40PT-3 | B7: ='생산 현황'!C8 -> 0 | C7: ='생산 현황'!D8 -> 0 | D7: =B7-C7 -> 0
A8: L7-64PT-3 | B8: ='생산 현황'!C9 -> 0 | C8: ='생산 현황'!D9 -> 0 | D8: =B8-C8 -> 0
A9: L7-100PT-3 | B9: ='생산 현황'!C10 -> 0 | C9: ='생산 현황'!D10 -> 0 | D9: =B9-C9 -> 0
A10: L12-6PT-3 | B10: ='생산 현황'!C11 -> 0 | C10: ='생산 현황'!D11 -> 0 | D10: =B10-C10 -> 0
A11: L12-12PT-3 | B11: ='생산 현황'!C12 -> 0 | C11: ='생산 현황'!D12 -> 0 | D11: =B11-C11 -> 0
A12: L12-13PT-3 | B12: ='생산 현황'!C13 -> 0 | C12: ='생산 현황'!D13 -> 0 | D12: =B12-C12 -> 0
A13: L12-20PT-3 | B13: ='생산 현황'!C14 -> 11 | C13: ='생산 현황'!D14 -> 0 | D13: =B13-C13 -> 11
A14: L12-40PT-3 | B14: ='생산 현황'!C15 -> 346 | C14: ='생산 현황'!D15 -> 1 | D14: =B14-C14 -> 345
... A33: LS2L-03ES | B33: ='생산 현황'!C34 -> 0 | C33: ='생산 현황'!D34 -> 0 | D33: =B33-C33 -> 0
A34: L12-20PT-3ES | B34: ='생산 현황'!C35 -> 426 | C34: ='생산 현황'!D35 -> 4 | D34: =B34-C34 -> 422 | I34: 항목 | J34: 수량 | K34: 점유% | M34: 항목 | N34: 수량 | O34: 점유% | P34: 비고 | S34: Non Actuator
A35: 12Lf-100PT-27MI | B35: ='생산 현황'!C36 -> 0 | C35: ='생산 현황'!D36 -> 0 | D35: =B35-C35 -> 0 | I35: 총 양품수 | J35: =SUM(D2:D181) -> 8425 | K35: 100 | M35: Servo Total | N35: =J37 -> 8425 | O35: 100 | S35: Model | T35: 수량 | U35: Servo 치환
A36: 12Lf-100F-27MI | B36: ='생산 현황'!C37 -> 0 | C36: ='생산 현황'!D37 -> 0 | D36: =B36-C36 -> 0 | I36: 비 servo | J36: =SUM(D171:D181) -> 0 | K36: =J36*100/J35 -> 0 | M36: 길이 Version | N36: =N35-N37-N38 -> 1666 | O36: =N36/N35 -> 0.19774481 | P36: =O36*100 -> 19.774481 | S36: IR-USB02 | T36: =SUMIF('Model별 생산현황'!$A$2:$A$174,'Model별 생산현황'!S36,'Model별 생산현황'!$D$2:$D$174) -> 0 | U36: =T36/10 -> 0
A37: L12-100F-3MI | B37: ='생산 현황'!C38 -> 0 | C37: ='생산 현황'!D38 -> 0 | D37: =B37-C37 -> 0 | I37: 순 Servo | J37: =SUM(D2:D170) -> 8425 | K37: =J37*100/J35 -> 100 | M37: 27mm | N37: =J38 -> 6504 | O37: =N37/N35 -> 0.77198813 | P37: =O37*100 -> 77.198813 | S37: IR-USB03 | T37: =SUMIF('Model별 생산현황'!$A$2:$A$174,'Model별 생산현황'!S37,'Model별 생산현황'!$D$2:$D$174) -> 0 | U37: =T37/10 -> 0
A38: L12-20PT-3DM | B38: ='생산 현황'!C39 -> 0 | C38: ='생산 현황'!D39 -> 0 | D38: =B38-C38 -> 0 | I38: 27mm | J38: =SUM(D2:D59) -> 6504 | K38: =J38*100/J35 -> 77.198813 | M38: SW V | N38: =J39 -> 255 | O38: =N38/N35 -> 0.030267062 | P38: =O38*100 -> 3.0267062 | S38: IR-CT01 | T38: =SUMIF('Model별 생산현황'!$A$2:$A$174,'Model별 생산현황'!S38,'Model별 생산현황'!$D$2:$D$174) -> 0 | U38: =T38/10 -> 0
A39: 12Lf-35F-27 | B39: ='생산 현황'!C40 -> 160 | C39: ='생산 현황'!D40 -> 1 | D39: =B39-C39 -> 159 | I39: SW V | J39: =SUM(D60:D70) -> 255 | K39: =J39*100/J35 -> 3.0267062 | N39: =SUM(N36:N38) -> 8425 | S39: IR-IM01 | T39: =SUMIF('Model별 생산현황'!$A$2:$A$174,'Model별 생산현황'!S39,'Model별 생산현황'!$D$2:$D$174) -> 0 | U39: =T39/10 -> 0
A40: 12Lf-100F-27 | B40: ='생산 현황'!C41 -> 386 | C40: ='생산 현황'!D41 -> 6 | D40: =B40-C40 -> 380 | P40: Model 별 UPH | S40: IR-UART01 | T40: =SUMIF('Model별 생산현황'!$A$2:$A$174,'Model별 생산현황'!S40,'Model별 생산현황'!$D$2:$D$174) -> 0 | U40: =T40/10 -> 0
A41: 12Lf-55F-27 | B41: ='생산 현황'!C42 -> 44 | C41: ='생산 현황'!D42 -> 0 | D41: =B41-C41 -> 44 | H41: Servo 기준 실질 연생산 합계 | K41: =N35+U41 -> 8425 | M41: Model | N41: UPH | P41: Model | Q41: UPH | S41: Total: | T41: =SUM(T36:T40) -> 0 | U41: =SUM(U36:U40) -> 0
A42: 12Lf-75F-27 | B42: ='생산 현황'!C43 -> 35 | C42: ='생산 현황'!D43 -> 0 | D42: =B42-C42 -> 35 | H42: 연생산 보유 capa | K42: =가동율!AR17 -> 8872.5638 | M42: 길이V | N42: 2 | P42: 길이V | Q42: =N42*O36 -> 0.39548961
A43: 12Lf-20F-27 | B43: ='생산 현황'!C44 -> 115 | C43: ='생산 현황'!D44 -> 1 | D43: =B43-C43 -> 114 | H43: 실적 | K43: =K41*100/K42 -> 94.955643 | M43: 27mm | N43: 2.5 | P43: 27mm | Q43: =N43*O37 -> 1.9299703
A44: 12Df-6F-27 | B44: ='생산 현황'!C45 -> 0 | C44: ='생산 현황'!D45 -> 0 | D44: =B44-C44 -> 0 | M44: SW V | N44: 2.8 | P44: SW V | Q44: =N44*O38 -> 0.084747774
A45: 12Df-12F-27 | B45: ='생산 현황'!C46 -> 30 | C45: ='생산 현황'!D46 -> 0 | D45: =B45-C45 -> 30 | P45: Total: | Q45: =SUM(Q42:Q44) -> 2.4102077
A46: 12Lf-12F-27 | B46: ='생산 현황'!C47 -> 619 | C46: ='생산 현황'!D47 -> 5 | D46: =B46-C46 -> 614
A47: 12Lf-12PT-27 | B47: ='생산 현황'!C48 -> 96 | C47: ='생산 현황'!D48 -> 2 | D47: =B47-C47 -> 94
A48: 12Df-6PT-27 | B48: ='생산 현황'!C49 -> 0 | C48: ='생산 현황'!D49 -> 0 | D48: =B48-C48 -> 0
A49: 12Df-12PT-27 | B49: ='생산 현황'!C50 -> 0 | C49: ='생산 현황'!D50 -> 0 | D49: =B49-C49 -> 0
A50: 12Lf-20PT-27 | B50: ='생산 현황'!C51 -> 150 | C50: ='생산 현황'!D51 -> 3 | D50: =B50-C50 -> 147
A51: 12Lf-35PT-27 | B51: ='생산 현황'!C52 -> 80 | C51: ='생산 현황'!D52 -> 2 | D51: =B51-C51 -> 78
A52: 12Lf-55PT-27 | B52: ='생산 현황'!C53 -> 15 | C52: ='생산 현황'!D53 -> 0 | D52: =B52-C52 -> 15
A53: 12Lf-75PT-27 | B53: ='생산 현황'!C54 -> 14 | C53: ='생산 현황'!D54 -> 0 | D53: =B53-C53 -> 14
A54: 12Lf-100PT-27 | B54: ='생산 현황'!C55 -> 78 | C54: ='생산 현황'!D55 -> 1 | D54: =B54-C54 -> 77
A55: 12Lf-35PT-27_TR | B55: ='생산 현황'!C56 -> 0 | C55: ='생산 현황'!D56 -> 0 | D55: =B55-C55 -> 0
A56: 12Lf-12PT-27EL | B56: ='생산 현황'!C57 -> 67 | C56: ='생산 현황'!D57 -> 1 | D56: =B56-C56 -> 66
A57: 17Lf-20F-27 | B57: ='생산 현황'!C58 -> 50 | C57: ='생산 현황'!D58 -> 0 | D57: =B57-C57 -> 50
... A181: IR-CT01 | B181: ='생산 현황'!C182 -> 0 | C181: ='생산 현황'!D182 -> 0 | D181: =B181-C181 -> 0
B182: =SUM(B2:B181) -> 8540 | C182: =SUM(C2:C181) -> 115 | D182: =B182-C182 -> 8425

Sheet 생산 UPH자료
A1: 생산공수 Linear 27mm
A2: No: | B2: 품명 | C2: 공정 | D2: 원자재 | E2: 소요량 | F2: 1개(초) | G2: 1개(분) | I2: 1시간(생산량) | J2: 8시간 (생산량)
A3: 1 | B3: Potentiometer | C3: 준비작업 | D3: XLS3201-9001-0B10K | E3: 1 | F3: 118 | G3: =F3/60 -> 1.9666667 | I3: =60/G3 -> 30.508475 | J3: =I3*8 -> 244.0678
A4: 2 | B4: Motor | C4: Gear box 조립 | D4: Motor 12V (15T) | E4: 1 | F4: 199 | G4: =F4/60 -> 3.3166667 | I4: =60/G4 -> 18.090452 | J4: =I4*8 -> 144.72362
A5: 3 | B5: P/T Middle Case | C5: 준비작업 | D5: P/T Middle Case | E5: 1 | F5: 13 | G5: =F5/60 -> 0.21666667 | I5: =60/G5 -> 276.92308 | J5: =I5*8 -> 2215.3846
A6: 4 | B6: P/T TOP Case | C6: 준비작업 | D6: P/T TOP Case | E6: 1 | F6: 18.66 | G6: =F6/60 -> 0.311 | I6: =60/G6 -> 192.92605 | J6: =I6*8 -> 1543.4084
A7: 5 | B7: SUS ROD | C7: 준비작업 | E7: 1 | F7: 59 | G7: =F7/60 -> 0.98333333 | I7: =60/G7 -> 61.016949 | J7: =I7*8 -> 488.13559
A8: 6 | B8: STROKE CASE | C8: 준비작업 | D8: STROKE CASE | E8: 1 | F8: 11 | G8: =F8/60 -> 0.18333333 | I8: =60/G8 -> 327.27273 | J8: =I8*8 -> 2618.1818
A9: 7 | B9: 반제품 | C9: 조립 | D9: STROKE CASE | E9: - | F9: 258 | G9: =F9/60 -> 4.3 | I9: =60/G9 -> 13.953488 | J9: =I9*8 -> 111.62791
A10: 8 | B10: Stroke+motor+pcb | C10: 조립 | D10: Stroke+motor+pcb | E10: - | F10: 74 | G10: =F10/60 -> 1.2333333 | I10: =60/G10 -> 48.648649 | J10: =I10*8 -> 389.18919
A11: 9 | B11: Firmware writing | C11: 작업 | D11: computer | E11: - | F11: 179 | G11: =F11/60 -> 2.9833333 | I11: =60/G11 -> 20.111732 | J11: =I11*8 -> 160.89385
A12: 10 | B12: LENS 작업 | C12: 준비작업 | D12: LENS | E12: 1 | F12: 23 | G12: =F12/60 -> 0.38333333 | I12: =60/G12 -> 156.52174 | J12: =I12*8 -> 1252.1739
A13: 11 | B13: Motor case top | C13: 작업 | D13: 완제품 | E13: - | F13: 176 | G13: =F13/60 -> 2.9333333 | I13: =60/G13 -> 20.454545 | J13: =I13*8 -> 163.63636
A14: 12 | B14: 무드볼트 | C14: 작업 | D14: 무드볼트 | E14: 1 | F14: 11 | G14: =F14/60 -> 0.18333333 | I14: =60/G14 -> 327.27273 | J14: =I14*8 -> 2618.1818
A15: 13 | B15: Rod Linkage | C15: 작업 | D15: Rod Linkage | E15: 1 | F15: 11 | G15: =F15/60 -> 0.18333333 | I15: =60/G15 -> 327.27273 | J15: =I15*8 -> 2618.1818
A16: 14 | B16: Accessory | C16: 작업 | D16: Hinge | E16: 1 | F16: 29 | G16: =F16/60 -> 0.48333333 | I16: =60/G16 -> 124.13793 | J16: =I16*8 -> 993.10345
A17: 15 | B17: Accessory (길이) | C17: 작업 | D17: 포장용 렌치머리볼트 | E17: 3 | F17: 13 | G17: =F17/60 -> 0.21666667 | I17: =60/G17 -> 276.92308 | J17: =I17*8 -> 2215.3846
A18: 16 | B18: Packing | C18: 작업 | D18: Packing | E18: 1 | F18: 78 | G18: =F18/60 -> 1.3 | I18: =60/G18 -> 46.153846 | J18: =I18*8 -> 369.23077
A19: 17 | B19: Repair | C19: Repair | E19: - | F19: 150 | G19: =F19/60 -> 2.5 | I19: =60/G19 -> 24 | J19: =I19*8 -> 192
B20: 생산량 (1명) | C20: 1일 | D20: 28800 | F20: =SUM(F3:F19) -> 1420.66 | G20: =SUM(G3:G19) -> 23.677667 | I20: =J20/8 -> 2.5340335 | J20: =D20/F20 -> 20.272268

Sheet Model 별 생산 Capa
B2: CAPA / Model | C2: PC Version | G2: FC Version | K2: Switch Version | N2: Accessories | AO2: Remark
C3: 27mm | D3: 40mm | E3: 56mm | F3: 90mm | G3: 27mm | H3: 40mm | I3: 56mm | J3: 90mm | K3: 22mm | L3: 15mm | N3: USB 01,02 | O3: IR-CT01 | P3: IR-STS01 | Q3: IR-STS02 | R3: IR-MB02 | S3: IR-MB03 | T3: IR-MB03 A | U3: IR-MB03 B | V3: IR-MB03 C | W3: IR-MB04 | X3: IR-GT01 | Y3: IR-EB01 | Z3: IR-MC01 | AA3: IR-MC02 | AB3: IR-MC03 | AC3: IR-MC04 | AD3: IR-EW01 | AE3: IR-EW02 | AF3: IR-EW03 | AG3: IR-EW04 | AH3: IR-EW05 | AI3: IR-EW06 | AJ3: IR-EW07 | AK3: IR-EW08 | AL3: IR-EW09 | AM3: IR-EW10
B4: UPH [PCS/H] | C4: 2.5 | D4: 2.1 | E4: 2.1 | F4: 2 | G4: 2.5 | H4: 2.1 | I4: 2.1 | J4: 2 | K4: 2.75 | N4: 19 | O4: 20 | P4: 20 | Q4: 20 | R4: 33 | S4: 33 | T4: 40 | U4: 40 | V4: 40 | W4: 33 | X4: 33 | Y4: 20 | Z4: 55 | AA4: 44 | AB4: 45 | AC4: 55 | AD4: 53 | AE4: 40 | AF4: 40 | AG4: 35 | AH4: 53 | AI4: 53 | AJ4: 53 | AK4: 53 | AL4: 53 | AM4: 53
B5: 작업 시간[H]
B6: 1인 기준 1일 생산 수량(포장 포함) | C6: =C4*C5 -> 0 | D6: =D4*D5 -> 0 | E6: =E4*E5 -> 0 | F6: =F4*F5 -> 0 | G6: =G4*G5 -> 0 | H6: =H4*H5 -> 0 | I6: =I4*I5 -> 0 | J6: =J4*J5 -> 0 | ... AN6: =AN4*AN5 -> 0
B7: 월간 유효일수 [day] | C7: 21 | D7: 21 | E7: 21 | F7: 21 | G7: 21 | H7: 21 | I7: 21 | J7: 21 | K7: 21 | L7: 21 | M7: 21 | N7: 21 | O7: 21 | P7: 21 | Q7: 21 | R7: 21 | S7: 21 | T7: 21 | U7: 21 | V7: 21 | W7: 21 | X7: 21 | Y7: 21 | Z7: 21 | AA7: 21 | AB7: 21 | AC7: 21 | AD7: 21 | AE7: 21 | AF7: 21 | AG7: 21 | AH7: 21 | AI7: 21 | AJ7: 21 | AK7: 21 | AL7: 21 | AM7: 21 | AN7: 21 | AO7: Remark
B8: 월 생산 가능 수량 [PCS] | C8: =C7*C6 -> 0 | D8: =D7*D6 -> 0 | E8: =E7*E6 -> 0 | F8: =F7*F6 -> 0 | G8: =G7*G6 -> 0 | H8: =H7*H6 -> 0 | I8: =I7*I6 -> 0 | J8: =J7*J6 -> 0 | ... AN8: =AN7*AN6 -> 0
B10: # 제품 용 Accessory 외주 처리 자공정 단순 포장 기준
B12: Opinion(의견) | C12: 사람에 따라 많은 수량에 차이가 날 수도 있읍니다.

Sheet 1월
A1: 1월 공정 검사 일지
B3: 검사 수: | C3: =H85 -> 548 | D3: 불량 수: | F3: =G85 -> 15 | H3: 불량% : | I3: =IFERROR(F3*100/C3,"0") -> 2.7372263 | J3: 작업 일수: | K3: =가동율!AM5 -> 17 | L3: 일일 생산 목표(개): | N3: =('Model별 생산현황'!$Q$45*8)*2 -> 38.563323 | O3: 실적(개/일): | P3: =IFERROR((C3-F3)/K3,"0") -> 31.352941 | Q3: UPH: | R3: =P3/8 -> 3.9191176 | S3: 가동% | T3: =가동율!AN5 -> 96.323529
A4: 일자 | B4: Buyer | C4: Model | D4: 규격 | E4: LOT NO / MFR Date | F4: 검사방법 | G4: 불량 수 | H4: 검사 수 | I4: 불량율(%) | J4: Defect | AC4: 합격수 | AD4: 특이사항 | AE4: 비고(처리)
J6: =불량유형!B2 -> Dead | K6: =불량유형!C2 -> GC 200 | L6: =불량유형!D2 -> LED | M6: =불량유형!E2 -> Noise | N6: =불량유형!F2 -> Straightness | O6: =불량유형!G2 -> Speed | P6: =불량유형!H2 -> Chattering | Q6: =불량유형!I2 -> Bounding | ... AB6: =불량유형!T2 -> ETC
A7: 45659 | B7: Progressive BSCI | C7: Linear servo PC | D7: L12-20F-3 | E7: 9A02_v21 | F7: 전수 | G7: =SUM(J7:AB7) -> 0 | H7: =AC7+G7 -> 50 | I7: =IFERROR(G7/H7,"0") -> 0 | AC7: 50 | AD7: 1. PA-12-450R-BSCI(PA-12-10645012R) 2. 고객 사양 Min Position setting | AG7: Model | AH7: 검사 수[EA] | AI7: 불량 수[EA] | AJ7: 불량[%] | AL7: Model | AM7: =불량유형!B2 -> Dead | AN7: =불량유형!C2 -> GC 200 | AO7: =불량유형!D2 -> LED | AP7: =불량유형!E2 -> Noise | AQ7: =불량유형!F2 -> Straightness | AR7: =불량유형!G2 -> Speed | AS7: =불량유형!H2 -> Chattering | AT7: =불량유형!I2 -> Bounding | ... BE7: =불량유형!T2 -> ETC | BF7: 합계
A8: 45663 | B8: Progressive BSCI | C8: Linear servo PC | D8: L12-20F-3 | E8: 9A02_v21 | F8: 전수 | G8: =SUM(J8:AB8) -> 0 | H8: =AC8+G8 -> 50 | I8: =IFERROR(G8/H8,"0") -> 0 | AC8: 50 | AD8: 1. PA-12-450R-BSCI(PA-12-10645012R) 2. 고객 사양 Min Position setting | AG8: LS2L-03EL | AH8: =SUMIF($D$7:$D$84,AG8,$H$7:$H$84) -> 0 | AI8: =SUMIF($D$7:$D$84,AG8,$G$7:$G$84) -> 0 | AJ8: =IFERROR(AI8*100/AH8,"0") -> 0
B9: Progressive BSCI | C9: Linear servo PC | D9: L12-100F-3 | E9: 9A06_v21 | F9: 전수 | G9: =SUM(J9:AB9) -> 0 | H9: =AC9+G9 -> 30 | I9: =IFERROR(G9/H9,"0") -> 0 | AC9: 30 | AD9: 1. PA-12-224R-BSCI(PA-12-10622412R) 2 고객 사양 Min Position setting | AG9: L7-6PT-3 | AH9: =SUMIF($D$7:$D$84,AG9,$H$7:$H$84) -> 0 | AI9: =SUMIF($D$7:$D$84,AG9,$G$7:$G$84) -> 0 | AJ9: =IFERROR(AI9*100/AH9,"0") -> 0 | AL9: LS2L-03EL | AM9: =SUMIF($D$7:$D$84,AL9,$J$7:$J$84) -> 0 | AN9: =SUMIF($D$7:$D$84,AL9,$K$7:$K$84) -> 0 | AO9: =SUMIF($D$7:$D$84,AL9,$L$7:$L$84) -> 0 | AP9: =SUMIF($D$7:$D$84,AL9,$M$7:$M$84) -> 0 | AQ9: =SUMIF($D$7:$D$84,AL9,$N$7:$N$84) -> 0 | AR9: =SUMIF($D$7:$D$84,AL9,$O$7:$O$84) -> 0 | AS9: =SUMIF($D$7:$D$84,AL9,$P$7:$P$84) -> 0 | AT9: =SUMIF($D$7:$D$84,AL9,$Q$7:$Q$84) -> 0 | AU9: =SUMIF($D$7:$D$84,AL9,$R$7:$R$84) -> 0 | AV9: =SUMIF($D$7:$D$84,AL9,$S$7:$S$84) -> 0 | AW9: =SUMIF($D$7:$D$84,AL9,$T$7:$T$84) -> 0 | AX9: =SUMIF($D$7:$D$84,AL9,$U$7:$U$84) -> 0 | AY9: =SUMIF($D$7:$D$84,AL9,$V$7:$V$84) -> 0 | AZ9: =SUMIF($D$7:$D$84,AL9,$W$7:$W$84) -> 0 | BA9: =SUMIF($D$7:$D$84,AL9,$X$7:$X$84) -> 0 | BB9: =SUMIF($D$7:$D$84,AL9,$Y$7:$Y$84) -> 0 | BC9: =SUMIF($D$7:$D$84,AL9,$Z$7:$Z$84) -> 0 | BD9: =SUMIF($D$7:$D$84,AL9,$AA$7:$AA$84) -> 0 | BE9: =SUMIF($D$7:$D$84,AL9,$AB$7:$AB$84) -> 0 | BF9: =SUM(AM9:BE9) -> 0
A10: 45664 | B10: Progressive BSCI | C10: Linear servo PC | D10: L12-100F-3 | E10: 9A06_v21 | F10: 전수 | G10: =SUM(J10:AB10) -> 0 | H10: =AC10+G10 -> 20 | I10: =IFERROR(G10/H10,"0") -> 0 | AC10: 20 | AD10: 1. PA-12-224R-BSCI(PA-12-10622412R) 2 고객 사양 Min Position setting | AG10: L7-12PT-3 | AH10: =SUMIF($D$7:$D$84,AG10,$H$7:$H$84) -> 0 | AI10: =SUMIF($D$7:$D$84,AG10,$G$7:$G$84) -> 0 | AJ10: =IFERROR(AI10*100/AH10,"0") -> 0 | AL10: L7-6PT-3 | AM10: =SUMIF($D$7:$D$84,AL10,$J$7:$J$84) -> 0 | AN10: =SUMIF($D$7:$D$84,AL10,$K$7:$K$84) -> 0 | AO10: =SUMIF($D$7:$D$84,AL10,$L$7:$L$84) -> 0 | AP10: =SUMIF($D$7:$D$84,AL10,$M$7:$M$84) -> 0 | AQ10: =SUMIF($D$7:$D$84,AL10,$N$7:$N$84) -> 0 | AR10: =SUMIF($D$7:$D$84,AL10,$O$7:$O$84) -> 0 | AS10: =SUMIF($D$7:$D$84,AL10,$P$7:$P$84) -> 0 | AT10: =SUMIF($D$7:$D$84,AL10,$Q$7:$Q$84) -> 0 | AU10: =SUMIF($D$7:$D$84,AL10,$R$7:$R$84) -> 0 | AV10: =SUMIF($D$7:$D$84,AL10,$S$7:$S$84) -> 0 | AW10: =SUMIF($D$7:$D$84,AL10,$T$7:$T$84) -> 0 | AX10: =SUMIF($D$7:$D$84,AL10,$U$7:$U$84) -> 0 | AY10: =SUMIF($D$7:$D$84,AL10,$V$7:$V$84) -> 0 | AZ10: =SUMIF($D$7:$D$84,AL10,$W$7:$W$84) -> 0 | BA10: =SUMIF($D$7:$D$84,AL10,$X$7:$X$84) -> 0 | BB10: =SUMIF($D$7:$D$84,AL10,$Y$7:$Y$84) -> 0 | BC10: =SUMIF($D$7:$D$84,AL10,$Z$7:$Z$84) -> 0 | BD10: =SUMIF($D$7:$D$84,AL10,$AA$7:$AA$84) -> 0 | BE10: =SUMIF($D$7:$D$84,AL10,$AB$7:$AB$84) -> 0 | BF10: =SUM(AM10:BE10) -> 0
B11: ETC | C11: Mini S/W | D11: 12L-35S-22 | E11: 9A07 | F11: 전수 | G11: =SUM(J11:AB11) -> 0 | H11: =AC11+G11 -> 20 | I11: =IFERROR(G11/H11,"0") -> 0 | AC11: 20 | AG11: L7-13PT-3 | AH11: =SUMIF($D$7:$D$84,AG11,$H$7:$H$84) -> 0 | AI11: =SUMIF($D$7:$D$84,AG11,$G$7:$G$84) -> 0 | AJ11: =IFERROR(AI11*100/AH11,"0") -> 0 | AL11: L7-12PT-3 | AM11: =SUMIF($D$7:$D$84,AL11,$J$7:$J$84) -> 0 | AN11: =SUMIF($D$7:$D$84,AL11,$K$7:$K$84) -> 0 | AO11: =SUMIF($D$7:$D$84,AL11,$L$7:$L$84) -> 0 | AP11: =SUMIF($D$7:$D$84,AL11,$M$7:$M$84) -> 0 | AQ11: =SUMIF($D$7:$D$84,AL11,$N$7:$N$84) -> 0 | AR11: =SUMIF($D$7:$D$84,AL11,$O$7:$O$84) -> 0 | AS11: =SUMIF($D$7:$D$84,AL11,$P$7:$P$84) -> 0 | AT11: =SUMIF($D$7:$D$84,AL11,$Q$7:$Q$84) -> 0 | AU11: =SUMIF($D$7:$D$84,AL11,$R$7:$R$84) -> 0 | AV11: =SUMIF($D$7:$D$84,AL11,$S$7:$S$84) -> 0 | AW11: =SUMIF($D$7:$D$84,AL11,$T$7:$T$84) -> 0 | AX11: =SUMIF($D$7:$D$84,AL11,$U$7:$U$84) -> 0 | AY11: =SUMIF($D$7:$D$84,AL11,$V$7:$V$84) -> 0 | AZ11: =SUMIF($D$7:$D$84,AL11,$W$7:$W$84) -> 0 | BA11: =SUMIF($D$7:$D$84,AL11,$X$7:$X$84) -> 0 | BB11: =SUMIF($D$7:$D$84,AL11,$Y$7:$Y$84) -> 0 | BC11: =SUMIF($D$7:$D$84,AL11,$Z$7:$Z$84) -> 0 | BD11: =SUMIF($D$7:$D$84,AL11,$AA$7:$AA$84) -> 0 | BE11: =SUMIF($D$7:$D$84,AL11,$AB$7:$AB$84) -> 0 | BF11: =SUM(AM11:BE11) -> 0
B12: ETC | C12: Linear servo FC | D12: 12Lf-35PT-27 | E12: 9A07_2.1 | F12: 전수 | G12: =SUM(J12:AB12) -> 0 | H12: =AC12+G12 -> 2 | I12: =IFERROR(G12/H12,"0") -> 0 | AC12: 2 | AG12: L7-20PT-3 | AH12: =SUMIF($D$7:$D$84,AG12,$H$7:$H$84) -> 0 | AI12: =SUMIF($D$7:$D$84,AG12,$G$7:$G$84) -> 0 | AJ12: =IFERROR(AI12*100/AH12,"0") -> 0 | AL12: L7-13PT-3 | AM12: =SUMIF($D$7:$D$84,AL12,$J$7:$J$84) -> 0 | AN12: =SUMIF($D$7:$D$84,AL12,$K$7:$K$84) -> 0 | AO12: =SUMIF($D$7:$D$84,AL12,$L$7:$L$84) -> 0 | AP12: =SUMIF($D$7:$D$84,AL12,$M$7:$M$84) -> 0 | AQ12: =SUMIF($D$7:$D$84,AL12,$N$7:$N$84) -> 0 | AR12: =SUMIF($D$7:$D$84,AL12,$O$7:$O$84) -> 0 | AS12: =SUMIF($D$7:$D$84,AL12,$P$7:$P$84) -> 0 | AT12: =SUMIF($D$7:$D$84,AL12,$Q$7:$Q$84) -> 0 | AU12: =SUMIF($D$7:$D$84,AL12,$R$7:$R$84) -> 0 | AV12: =SUMIF($D$7:$D$84,AL12,$S$7:$S$84) -> 0 | AW12: =SUMIF($D$7:$D$84,AL12,$T$7:$T$84) -> 0 | AX12: =SUMIF($D$7:$D$84,AL12,$U$7:$U$84) -> 0 | AY12: =SUMIF($D$7:$D$84,AL12,$V$7:$V$84) -> 0 | AZ12: =SUMIF($D$7:$D$84,AL12,$W$7:$W$84) -> 0 | BA12: =SUMIF($D$7:$D$84,AL12,$X$7:$X$84) -> 0 | BB12: =SUMIF($D$7:$D$84,AL12,$Y$7:$Y$84) -> 0 | BC12: =SUMIF($D$7:$D$84,AL12,$Z$7:$Z$84) -> 0 | BD12: =SUMIF($D$7:$D$84,AL12,$AA$7:$AA$84) -> 0 | BE12: =SUMIF($D$7:$D$84,AL12,$AB$7:$AB$84) -> 0 | BF12: =SUM(AM12:BE12) -> 0
B13: ETC | C13: Linear servo FC | D13: 12Lf-12F-27 | E13: 9A07_v2.1 | F13: 전수 | G13: =SUM(J13:AB13) -> 0 | H13: =AC13+G13 -> 5 | I13: =IFERROR(G13/H13,"0") -> 0 | AC13: 5 | AG13: L7-40PT-3 | AH13: =SUMIF($D$7:$D$84,AG13,$H$7:$H$84) -> 0 | AI13: =SUMIF($D$7:$D$84,AG13,$G$7:$G$84) -> 0 | AJ13: =IFERROR(AI13*100/AH13,"0") -> 0 | AL13: L7-20PT-3 | AM13: =SUMIF($D$7:$D$84,AL13,$J$7:$J$84) -> 0 | AN13: =SUMIF($D$7:$D$84,AL13,$K$7:$K$84) -> 0 | AO13: =SUMIF($D$7:$D$84,AL13,$L$7:$L$84) -> 0 | AP13: =SUMIF($D$7:$D$84,AL13,$M$7:$M$84) -> 0 | AQ13: =SUMIF($D$7:$D$84,AL13,$N$7:$N$84) -> 0 | AR13: =SUMIF($D$7:$D$84,AL13,$O$7:$O$84) -> 0 | AS13: =SUMIF($D$7:$D$84,AL13,$P$7:$P$84) -> 0 | AT13: =SUMIF($D$7:$D$84,AL13,$Q$7:$Q$84) -> 0 | AU13: =SUMIF($D$7:$D$84,AL13,$R$7:$R$84) -> 0 | AV13: =SUMIF($D$7:$D$84,AL13,$S$7:$S$84) -> 0 | AW13: =SUMIF($D$7:$D$84,AL13,$T$7:$T$84) -> 0 | AX13: =SUMIF($D$7:$D$84,AL13,$U$7:$U$84) -> 0 | AY13: =SUMIF($D$7:$D$84,AL13,$V$7:$V$84) -> 0 | AZ13: =SUMIF($D$7:$D$84,AL13,$W$7:$W$84) -> 0 | BA13: =SUMIF($D$7:$D$84,AL13,$X$7:$X$84) -> 0 | BB13: =SUMIF($D$7:$D$84,AL13,$Y$7:$Y$84) -> 0 | BC13: =SUMIF($D$7:$D$84,AL13,$Z$7:$Z$84) -> 0 | BD13: =SUMIF($D$7:$D$84,AL13,$AA$7:$AA$84) -> 0 | BE13: =SUMIF($D$7:$D$84,AL13,$AB$7:$AB$84) -> 0 | BF13: =SUM(AM13:BE13) -> 0
A14: 45665 | B14: ETC | C14: Linear servo FC | D14: 12Lf-35PT-27 | E14: 9A08_v2.1 | F14: 전수 | G14: =SUM(J14:AB14) -> 0 | H14: =AC14+G14 -> 20 | I14: =IFERROR(G14/H14,"0") -> 0 | AC14: 20 | AG14: L7-64PT-3 | AH14: =SUMIF($D$7:$D$84,AG14,$H$7:$H$84) -> 0 | AI14: =SUMIF($D$7:$D$84,AG14,$G$7:$G$84) -> 0 | AJ14: =IFERROR(AI14*100/AH14,"0") -> 0 | AL14: L7-40PT-3 | AM14: =SUMIF($D$7:$D$84,AL14,$J$7:$J$84) -> 0 | AN14: =SUMIF($D$7:$D$84,AL14,$K$7:$K$84) -> 0 | AO14: =SUMIF($D$7:$D$84,AL14,$L$7:$L$84) -> 0 | AP14: =SUMIF($D$7:$D$84,AL14,$M$7:$M$84) -> 0 | AQ14: =SUMIF($D$7:$D$84,AL14,$N$7:$N$84) -> 0 | AR14: =SUMIF($D$7:$D$84,AL14,$O$7:$O$84) -> 0 | AS14: =SUMIF($D$7:$D$84,AL14,$P$7:$P$84) -> 0 | AT14: =SUMIF($D$7:$D$84,AL14,$Q$7:$Q$84) -> 0 | AU14: =SUMIF($D$7:$D$84,AL14,$R$7:$R$84) -> 0 | AV14: =SUMIF($D$7:$D$84,AL14,$S$7:$S$84) -> 0 | AW14: =SUMIF($D$7:$D$84,AL14,$T$7:$T$84) -> 0 | AX14: =SUMIF($D$7:$D$84,AL14,$U$7:$U$84) -> 0 | AY14: =SUMIF($D$7:$D$84,AL14,$V$7:$V$84) -> 0 | AZ14: =SUMIF($D$7:$D$84,AL14,$W$7:$W$84) -> 0 | BA14: =SUMIF($D$7:$D$84,AL14,$X$7:$X$84) -> 0 | BB14: =SUMIF($D$7:$D$84,AL14,$Y$7:$Y$84) -> 0 | BC14: =SUMIF($D$7:$D$84,AL14,$Z$7:$Z$84) -> 0 | BD14: =SUMIF($D$7:$D$84,AL14,$AA$7:$AA$84) -> 0 | BE14: =SUMIF($D$7:$D$84,AL14,$AB$7:$AB$84) -> 0 | BF14: =SUM(AM14:BE14) -> 0
B15: ETC | C15: Linear servo FC | D15: 12Lf-12F-27 | E15: 9A08_v2.1 | F15: 전수 | G15: =SUM(J15:AB15) -> 1 | H15: =AC15+G15 -> 21 | I15: =IFERROR(G15/H15,"0") -> 0.047619048 | W15: 1 | AC15: 20 | AG15: L7-100PT-3 | AH15: =SUMIF($D$7:$D$84,AG15,$H$7:$H$84) -> 0 | AI15: =SUMIF($D$7:$D$84,AG15,$G$7:$G$84) -> 0 | AJ15: =IFERROR(AI15*100/AH15,"0") -> 0 | AL15: L7-64PT-3 | AM15: =SUMIF($D$7:$D$84,AL15,$J$7:$J$84) -> 0 | AN15: =SUMIF($D$7:$D$84,AL15,$K$7:$K$84) -> 0 | AO15: =SUMIF($D$7:$D$84,AL15,$L$7:$L$84) -> 0 | AP15: =SUMIF($D$7:$D$84,AL15,$M$7:$M$84) -> 0 | AQ15: =SUMIF($D$7:$D$84,AL15,$N$7:$N$84) -> 0 | AR15: =SUMIF($D$7:$D$84,AL15,$O$7:$O$84) -> 0 | AS15: =SUMIF($D$7:$D$84,AL15,$P$7:$P$84) -> 0 | AT15: =SUMIF($D$7:$D$84,AL15,$Q$7:$Q$84) -> 0 | AU15: =SUMIF($D$7:$D$84,AL15,$R$7:$R$84) -> 0 | AV15: =SUMIF($D$7:$D$84,AL15,$S$7:$S$84) -> 0 | AW15: =SUMIF($D$7:$D$84,AL15,$T$7:$T$84) -> 0 | AX15: =SUMIF($D$7:$D$84,AL15,$U$7:$U$84) -> 0 | AY15: =SUMIF($D$7:$D$84,AL15,$V$7:$V$84) -> 0 | AZ15: =SUMIF($D$7:$D$84,AL15,$W$7:$W$84) -> 0 | BA15: =SUMIF($D$7:$D$84,AL15,$X$7:$X$84) -> 0 | BB15: =SUMIF($D$7:$D$84,AL15,$Y$7:$Y$84) -> 0 | BC15: =SUMIF($D$7:$D$84,AL15,$Z$7:$Z$84) -> 0 | BD15: =SUMIF($D$7:$D$84,AL15,$AA$7:$AA$84) -> 0 | BE15: =SUMIF($D$7:$D$84,AL15,$AB$7:$AB$84) -> 0 | BF15: =SUM(AM15:BE15) -> 0
B16: ETC | C16: Linear servo FC | D16: 12Lf-78F-53 | E16: 9A08_v2.1 | F16: 전수 | G16: =SUM(J16:AB16) -> 0 | H16: =AC16+G16 -> 10 | I16: =IFERROR(G16/H16,"0") -> 0 | AC16: 10 | AG16: L12-6PT-3 | AH16: =SUMIF($D$7:$D$84,AG16,$H$7:$H$84) -> 0 | AI16: =SUMIF($D$7:$D$84,AG16,$G$7:$G$84) -> 0 | AJ16: =IFERROR(AI16*100/AH16,"0") -> 0 | AL16: L7-100PT-3 | AM16: =SUMIF($D$7:$D$84,AL16,$J$7:$J$84) -> 0 | AN16: =SUMIF($D$7:$D$84,AL16,$K$7:$K$84) -> 0 | AO16: =SUMIF($D$7:$D$84,AL16,$L$7:$L$84) -> 0 | AP16: =SUMIF($D$7:$D$84,AL16,$M$7:$M$84) -> 0 | AQ16: =SUMIF($D$7:$D$84,AL16,$N$7:$N$84) -> 0 | AR16: =SUMIF($D$7:$D$84,AL16,$O$7:$O$84) -> 0 | AS16: =SUMIF($D$7:$D$84,AL16,$P$7:$P$84) -> 0 | AT16: =SUMIF($D$7:$D$84,AL16,$Q$7:$Q$84) -> 0 | AU16: =SUMIF($D$7:$D$84,AL16,$R$7:$R$84) -> 0 | AV16: =SUMIF($D$7:$D$84,AL16,$S$7:$S$84) -> 0 | AW16: =SUMIF($D$7:$D$84,AL16,$T$7:$T$84) -> 0 | AX16: =SUMIF($D$7:$D$84,AL16,$U$7:$U$84) -> 0 | AY16: =SUMIF($D$7:$D$84,AL16,$V$7:$V$84) -> 0 | AZ16: =SUMIF($D$7:$D$84,AL16,$W$7:$W$84) -> 0 | BA16: =SUMIF($D$7:$D$84,AL16,$X$7:$X$84) -> 0 | BB16: =SUMIF($D$7:$D$84,AL16,$Y$7:$Y$84) -> 0 | BC16: =SUMIF($D$7:$D$84,AL16,$Z$7:$Z$84) -> 0 | BD16: =SUMIF($D$7:$D$84,AL16,$AA$7:$AA$84) -> 0 | BE16: =SUMIF($D$7:$D$84,AL16,$AB$7:$AB$84) -> 0 | BF16: =SUM(AM16:BE16) -> 0
A17: 45666 | B17: ETC | C17: Linear servo FC | D17: 12Lf-17F-40 | E17: 9A08_v2.1 | F17: 전수 | G17: =SUM(J17:AB17) -> 0 | H17: =AC17+G17 -> 15 | I17: =IFERROR(G17/H17,"0") -> 0 | AC17: 15 | AG17: L12-12PT-3 | AH17: =SUMIF($D$7:$D$84,AG17,$H$7:$H$84) -> 0 | AI17: =SUMIF($D$7:$D$84,AG17,$G$7:$G$84) -> 0 | AJ17: =IFERROR(AI17*100/AH17,"0") -> 0 | AL17: L12-6PT-3 | AM17: =SUMIF($D$7:$D$84,AL17,$J$7:$J$84) -> 0 | AN17: =SUMIF($D$7:$D$84,AL17,$K$7:$K$84) -> 0 | AO17: =SUMIF($D$7:$D$84,AL17,$L$7:$L$84) -> 0 | AP17: =SUMIF($D$7:$D$84,AL17,$M$7:$M$84) -> 0 | AQ17: =SUMIF($D$7:$D$84,AL17,$N$7:$N$84) -> 0 | AR17: =SUMIF($D$7:$D$84,AL17,$O$7:$O$84) -> 0 | AS17: =SUMIF($D$7:$D$84,AL17,$P$7:$P$84) -> 0 | AT17: =SUMIF($D$7:$D$84,AL17,$Q$7:$Q$84) -> 0 | AU17: =SUMIF($D$7:$D$84,AL17,$R$7:$R$84) -> 0 | AV17: =SUMIF($D$7:$D$84,AL17,$S$7:$S$84) -> 0 | AW17: =SUMIF($D$7:$D$84,AL17,$T$7:$T$84) -> 0 | AX17: =SUMIF($D$7:$D$84,AL17,$U$7:$U$84) -> 0 | AY17: =SUMIF($D$7:$D$84,AL17,$V$7:$V$84) -> 0 | AZ17: =SUMIF($D$7:$D$84,AL17,$W$7:$W$84) -> 0 | BA17: =SUMIF($D$7:$D$84,AL17,$X$7:$X$84) -> 0 | BB17: =SUMIF($D$7:$D$84,AL17,$Y$7:$Y$84) -> 0 | BC17: =SUMIF($D$7:$D$84,AL17,$Z$7:$Z$84) -> 0 | BD17: =SUMIF($D$7:$D$84,AL17,$AA$7:$AA$84) -> 0 | BE17: =SUMIF($D$7:$D$84,AL17,$AB$7:$AB$84) -> 0 | BF17: =SUM(AM17:BE17) -> 0
A18: 45667 | B18: ETC | C18: Linear servo FC | D18: 12Lf-17F-40 | E18: 9A09_v2.1 | F18: 전수 | G18: =SUM(J18:AB18) -> 6 | H18: =AC18+G18 -> 24 | I18: =IFERROR(G18/H18,"0") -> 0.25 | K18: 1 | T18: 5 | AC18: 18 | AG18: L12-13PT-3 | AH18: =SUMIF($D$7:$D$84,AG18,$H$7:$H$84) -> 0 | AI18: =SUMIF($D$7:$D$84,AG18,$G$7:$G$84) -> 0 | AJ18: =IFERROR(AI18*100/AH18,"0") -> 0 | AL18: L12-12PT-3 | AM18: =SUMIF($D$7:$D$84,AL18,$J$7:$J$84) -> 0 | AN18: =SUMIF($D$7:$D$84,AL18,$K$7:$K$84) -> 0 | AO18: =SUMIF($D$7:$D$84,AL18,$L$7:$L$84) -> 0 | AP18: =SUMIF($D$7:$D$84,AL18,$M$7:$M$84) -> 0 | AQ18: =SUMIF($D$7:$D$84,AL18,$N$7:$N$84) -> 0 | AR18: =SUMIF($D$7:$D$84,AL18,$O$7:$O$84) -> 0 | AS18: =SUMIF($D$7:$D$84,AL18,$P$7:$P$84) -> 0 | AT18: =SUMIF($D$7:$D$84,AL18,$Q$7:$Q$84) -> 0 | AU18: =SUMIF($D$7:$D$84,AL18,$R$7:$R$84) -> 0 | AV18: =SUMIF($D$7:$D$84,AL18,$S$7:$S$84) -> 0 | AW18: =SUMIF($D$7:$D$84,AL18,$T$7:$T$84) -> 0 | AX18: =SUMIF($D$7:$D$84,AL18,$U$7:$U$84) -> 0 | AY18: =SUMIF($D$7:$D$84,AL18,$V$7:$V$84) -> 0 | AZ18: =SUMIF($D$7:$D$84,AL18,$W$7:$W$84) -> 0 | BA18: =SUMIF($D$7:$D$84,AL18,$X$7:$X$84) -> 0 | BB18: =SUMIF($D$7:$D$84,AL18,$Y$7:$Y$84) -> 0 | BC18: =SUMIF($D$7:$D$84,AL18,$Z$7:$Z$84) -> 0 | BD18: =SUMIF($D$7:$D$84,AL18,$AA$7:$AA$84) -> 0 | BE18: =SUMIF($D$7:$D$84,AL18,$AB$7:$AB$84) -> 0 | BF18: =SUM(AM18:BE18) -> 0
B19: ETC | C19: Linear servo FC | D19: 12Lf-20PT-27 | E19: 9A10_v2.1 | F19: 전수 | G19: =SUM(J19:AB19) -> 1 | H19: =AC19+G19 -> 10 | I19: =IFERROR(G19/H19,"0") -> 0.1 | L19: 1 | AC19: 9 | AG19: L12-20PT-3 | AH19: =SUMIF($D$7:$D$84,AG19,$H$7:$H$84) -> 0 | AI19: =SUMIF($D$7:$D$84,AG19,$G$7:$G$84) -> 0 | AJ19: =IFERROR(AI19*100/AH19,"0") -> 0 | AL19: L12-13PT-3 | AM19: =SUMIF($D$7:$D$84,AL19,$J$7:$J$84) -> 0 | AN19: =SUMIF($D$7:$D$84,AL19,$K$7:$K$84) -> 0 | AO19: =SUMIF($D$7:$D$84,AL19,$L$7:$L$84) -> 0 | AP19: =SUMIF($D$7:$D$84,AL19,$M$7:$M$84) -> 0 | AQ19: =SUMIF($D$7:$D$84,AL19,$N$7:$N$84) -> 0 | AR19: =SUMIF($D$7:$D$84,AL19,$O$7:$O$84) -> 0 | AS19: =SUMIF($D$7:$D$84,AL19,$P$7:$P$84) -> 0 | AT19: =SUMIF($D$7:$D$84,AL19,$Q$7:$Q$84) -> 0 | AU19: =SUMIF($D$7:$D$84,AL19,$R$7:$R$84) -> 0 | AV19: =SUMIF($D$7:$D$84,AL19,$S$7:$S$84) -> 0 | AW19: =SUMIF($D$7:$D$84,AL19,$T$7:$T$84) -> 0 | AX19: =SUMIF($D$7:$D$84,AL19,$U$7:$U$84) -> 0 | AY19: =SUMIF($D$7:$D$84,AL19,$V$7:$V$84) -> 0 | AZ19: =SUMIF($D$7:$D$84,AL19,$W$7:$W$84) -> 0 | BA19: =SUMIF($D$7:$D$84,AL19,$X$7:$X$84) -> 0 | BB19: =SUMIF($D$7:$D$84,AL19,$Y$7:$Y$84) -> 0 | BC19: =SUMIF($D$7:$D$84,AL19,$Z$7:$Z$84) -> 0 | BD19: =SUMIF($D$7:$D$84,AL19,$AA$7:$AA$84) -> 0 | BE19: =SUMIF($D$7:$D$84,AL19,$AB$7:$AB$84) -> 0 | BF19: =SUM(AM19:BE19) -> 0
A20: 45670 | B20: ETC | C20: Linear servo FC | D20: 12Lf-12F-27 | E20: 9A13_v2.1 | F20: 전수 | G20: =SUM(J20:AB20) -> 0 | H20: =AC20+G20 -> 1 | I20: =IFERROR(G20/H20,"0") -> 0 | AC20: 1 | AG20: L12-40PT-3 | AH20: =SUMIF($D$7:$D$84,AG20,$H$7:$H$84) -> 0 | AI20: =SUMIF($D$7:$D$84,AG20,$G$7:$G$84) -> 0 | AJ20: =IFERROR(AI20*100/AH20,"0") -> 0 | AL20: L12-20PT-3 | AM20: =SUMIF($D$7:$D$84,AL20,$J$7:$J$84) -> 0 | AN20: =SUMIF($D$7:$D$84,AL20,$K$7:$K$84) -> 0 | AO20: =SUMIF($D$7:$D$84,AL20,$L$7:$L$84) -> 0 | AP20: =SUMIF($D$7:$D$84,AL20,$M$7:$M$84) -> 0 | AQ20: =SUMIF($D$7:$D$84,AL20,$N$7:$N$84) -> 0 | AR20: =SUMIF($D$7:$D$84,AL20,$O$7:$O$84) -> 0 | AS20: =SUMIF($D$7:$D$84,AL20,$P$7:$P$84) -> 0 | AT20: =SUMIF($D$7:$D$84,AL20,$Q$7:$Q$84) -> 0 | AU20: =SUMIF($D$7:$D$84,AL20,$R$7:$R$84) -> 0 | AV20: =SUMIF($D$7:$D$84,AL20,$S$7:$S$84) -> 0 | AW20: =SUMIF($D$7:$D$84,AL20,$T$7:$T$84) -> 0 | AX20: =SUMIF($D$7:$D$84,AL20,$U$7:$U$84) -> 0 | AY20: =SUMIF($D$7:$D$84,AL20,$V$7:$V$84) -> 0 | AZ20: =SUMIF($D$7:$D$84,AL20,$W$7:$W$84) -> 0 | BA20: =SUMIF($D$7:$D$84,AL20,$X$7:$X$84) -> 0 | BB20: =SUMIF($D$7:$D$84,AL20,$Y$7:$Y$84) -> 0 | BC20: =SUMIF($D$7:$D$84,AL20,$Z$7:$Z$84) -> 0 | BD20: =SUMIF($D$7:$D$84,AL20,$AA$7:$AA$84) -> 0 | BE20: =SUMIF($D$7:$D$84,AL20,$AB$7:$AB$84) -> 0 | BF20: =SUM(AM20:BE20) -> 0
B21: ETC | C21: Linear servo FC | D21: 12Lf-17F-40 | E21: 9A09_v2.1 | F21: 전수 | G21: =SUM(J21:AB21) -> 0 | H21: =AC21+G21 -> 2 | I21: =IFERROR(G21/H21,"0") -> 0 | AC21: 2 | AG21: L12-64PT-3 | AH21: =SUMIF($D$7:$D$84,AG21,$H$7:$H$84) -> 0 | AI21: =SUMIF($D$7:$D$84,AG21,$G$7:$G$84) -> 0 | AJ21: =IFERROR(AI21*100/AH21,"0") -> 0 | AL21: L12-40PT-3 | AM21: =SUMIF($D$7:$D$84,AL21,$J$7:$J$84) -> 0 | AN21: =SUMIF($D$7:$D$84,AL21,$K$7:$K$84) -> 0 | AO21: =SUMIF($D$7:$D$84,AL21,$L$7:$L$84) -> 0 | AP21: =SUMIF($D$7:$D$84,AL21,$M$7:$M$84) -> 0 | AQ21: =SUMIF($D$7:$D$84,AL21,$N$7:$N$84) -> 0 | AR21: =SUMIF($D$7:$D$84,AL21,$O$7:$O$84) -> 0 | AS21: =SUMIF($D$7:$D$84,AL21,$P$7:$P$84) -> 0 | AT21: =SUMIF($D$7:$D$84,AL21,$Q$7:$Q$84) -> 0 | AU21: =SUMIF($D$7:$D$84,AL21,$R$7:$R$84) -> 0 | AV21: =SUMIF($D$7:$D$84,AL21,$S$7:$S$84) -> 0 | AW21: =SUMIF($D$7:$D$84,AL21,$T$7:$T$84) -> 0 | AX21: =SUMIF($D$7:$D$84,AL21,$U$7:$U$84) -> 0 | AY21: =SUMIF($D$7:$D$84,AL21,$V$7:$V$84) -> 0 | AZ21: =SUMIF($D$7:$D$84,AL21,$W$7:$W$84) -> 0 | BA21: =SUMIF($D$7:$D$84,AL21,$X$7:$X$84) -> 0 | BB21: =SUMIF($D$7:$D$84,AL21,$Y$7:$Y$84) -> 0 | BC21: =SUMIF($D$7:$D$84,AL21,$Z$7:$Z$84) -> 0 | BD21: =SUMIF($D$7:$D$84,AL21,$AA$7:$AA$84) -> 0 | BE21: =SUMIF($D$7:$D$84,AL21,$AB$7:$AB$84) -> 0 | BF21: =SUM(AM21:BE21) -> 0
B22: ETC | C22: Linear servo FC | D22: 12Lf-20PT-27 | E22: 9A10_v2.1 | F22: 전수 | G22: =SUM(J22:AB22) -> 0 | H22: =AC22+G22 -> 1 | I22: =IFERROR(G22/H22,"0") -> 0 | AC22: 1 | AG22: L12-100PT-3 | AH22: =SUMIF($D$7:$D$84,AG22,$H$7:$H$84) -> 0 | AI22: =SUMIF($D$7:$D$84,AG22,$G$7:$G$84) -> 0 | AJ22: =IFERROR(AI22*100/AH22,"0") -> 0 | AL22: L12-64PT-3 | AM22: =SUMIF($D$7:$D$84,AL22,$J$7:$J$84) -> 0 | AN22: =SUMIF($D$7:$D$84,AL22,$K$7:$K$84) -> 0 | AO22: =SUMIF($D$7:$D$84,AL22,$L$7:$L$84) -> 0 | AP22: =SUMIF($D$7:$D$84,AL22,$M$7:$M$84) -> 0 | AQ22: =SUMIF($D$7:$D$84,AL22,$N$7:$N$84) -> 0 | AR22: =SUMIF($D$7:$D$84,AL22,$O$7:$O$84) -> 0 | AS22: =SUMIF($D$7:$D$84,AL22,$P$7:$P$84) -> 0 | AT22: =SUMIF($D$7:$D$84,AL22,$Q$7:$Q$84) -> 0 | AU22: =SUMIF($D$7:$D$84,AL22,$R$7:$R$84) -> 0 | AV22: =SUMIF($D$7:$D$84,AL22,$S$7:$S$84) -> 0 | AW22: =SUMIF($D$7:$D$84,AL22,$T$7:$T$84) -> 0 | AX22: =SUMIF($D$7:$D$84,AL22,$U$7:$U$84) -> 0 | AY22: =SUMIF($D$7:$D$84,AL22,$V$7:$V$84) -> 0 | AZ22: =SUMIF($D$7:$D$84,AL22,$W$7:$W$84) -> 0 | BA22: =SUMIF($D$7:$D$84,AL22,$X$7:$X$84) -> 0 | BB22: =SUMIF($D$7:$D$84,AL22,$Y$7:$Y$84) -> 0 | BC22: =SUMIF($D$7:$D$84,AL22,$Z$7:$Z$84) -> 0 | BD22: =SUMIF($D$7:$D$84,AL22,$AA$7:$AA$84) -> 0 | BE22: =SUMIF($D$7:$D$84,AL22,$AB$7:$AB$84) -> 0 | BF22: =SUM(AM22:BE22) -> 0
A23: 45671 | B23: ETC | C23: Linear servo FC | D23: 12Lf-42F-40 | E23: 9A14_v2.1 | F23: 전수 | G23: =SUM(J23:AB23) -> 0 | H23: =AC23+G23 -> 10 | I23: =IFERROR(G23/H23,"0") -> 0 | AC23: 10 | AG23: L12-100PT-3MI | AH23: =SUMIF($D$7:$D$84,AG23,$H$7:$H$84) -> 0 | AI23: =SUMIF($D$7:$D$84,AG23,$G$7:$G$84) -> 0 | AJ23: =IFERROR(AI23*100/AH23,"0") -> 0 | AL23: L12-100PT-3 | AM23: =SUMIF($D$7:$D$84,AL23,$J$7:$J$84) -> 0 | AN23: =SUMIF($D$7:$D$84,AL23,$K$7:$K$84) -> 0 | AO23: =SUMIF($D$7:$D$84,AL23,$L$7:$L$84) -> 0 | AP23: =SUMIF($D$7:$D$84,AL23,$M$7:$M$84) -> 0 | AQ23: =SUMIF($D$7:$D$84,AL23,$N$7:$N$84) -> 0 | AR23: =SUMIF($D$7:$D$84,AL23,$O$7:$O$84) -> 0 | AS23: =SUMIF($D$7:$D$84,AL23,$P$7:$P$84) -> 0 | AT23: =SUMIF($D$7:$D$84,AL23,$Q$7:$Q$84) -> 0 | AU23: =SUMIF($D$7:$D$84,AL23,$R$7:$R$84) -> 0 | AV23: =SUMIF($D$7:$D$84,AL23,$S$7:$S$84) -> 0 | AW23: =SUMIF($D$7:$D$84,AL23,$T$7:$T$84) -> 0 | AX23: =SUMIF($D$7:$D$84,AL23,$U$7:$U$84) -> 0 | AY23: =SUMIF($D$7:$D$84,AL23,$V$7:$V$84) -> 0 | AZ23: =SUMIF($D$7:$D$84,AL23,$W$7:$W$84) -> 0 | BA23: =SUMIF($D$7:$D$84,AL23,$X$7:$X$84) -> 0 | BB23: =SUMIF($D$7:$D$84,AL23,$Y$7:$Y$84) -> 0 | BC23: =SUMIF($D$7:$D$84,AL23,$Z$7:$Z$84) -> 0 | BD23: =SUMIF($D$7:$D$84,AL23,$AA$7:$AA$84) -> 0 | BE23: =SUMIF($D$7:$D$84,AL23,$AB$7:$AB$84) -> 0 | BF23: =SUM(AM23:BE23) -> 0
B24: ETC | C24: Linear servo FC | D24: 12Lf-12F-27 | E24: 9A14_v2.1 | F24: 전수 | G24: =SUM(J24:AB24) -> 0 | H24: =AC24+G24 -> 20 | I24: =IFERROR(G24/H24,"0") -> 0 | AC24: 20 | AG24: L12-12F-3 | AH24: =SUMIF($D$7:$D$84,AG24,$H$7:$H$84) -> 0 | AI24: =SUMIF($D$7:$D$84,AG24,$G$7:$G$84) -> 0 | AJ24: =IFERROR(AI24*100/AH24,"0") -> 0 | AL24: L12-12F-3 | AM24: =SUMIF($D$7:$D$84,AL24,$J$7:$J$84) -> 0 | AN24: =SUMIF($D$7:$D$84,AL24,$K$7:$K$84) -> 0 | AO24: =SUMIF($D$7:$D$84,AL24,$L$7:$L$84) -> 0 | AP24: =SUMIF($D$7:$D$84,AL24,$M$7:$M$84) -> 0 | AQ24: =SUMIF($D$7:$D$84,AL24,$N$7:$N$84) -> 0 | AR24: =SUMIF($D$7:$D$84,AL24,$O$7:$O$84) -> 0 | AS24: =SUMIF($D$7:$D$84,AL24,$P$7:$P$84) -> 0 | AT24: =SUMIF($D$7:$D$84,AL24,$Q$7:$Q$84) -> 0 | AU24: =SUMIF($D$7:$D$84,AL24,$R$7:$R$84) -> 0 | AV24: =SUMIF($D$7:$D$84,AL24,$S$7:$S$84) -> 0 | AW24: =SUMIF($D$7:$D$84,AL24,$T$7:$T$84) -> 0 | AX24: =SUMIF($D$7:$D$84,AL24,$U$7:$U$84) -> 0 | AY24: =SUMIF($D$7:$D$84,AL24,$V$7:$V$84) -> 0 | AZ24: =SUMIF($D$7:$D$84,AL24,$W$7:$W$84) -> 0 | BA24: =SUMIF($D$7:$D$84,AL24,$X$7:$X$84) -> 0 | BB24: =SUMIF($D$7:$D$84,AL24,$Y$7:$Y$84) -> 0 | BC24: =SUMIF($D$7:$D$84,AL24,$Z$7:$Z$84) -> 0 | BD24: =SUMIF($D$7:$D$84,AL24,$AA$7:$AA$84) -> 0 | BE24: =SUMIF($D$7:$D$84,AL24,$AB$7:$AB$84) -> 0 | BF24: =SUM(AM24:BE24) -> 0
B25: ETC | C25: Linear servo PC | D25: L12-80F-4 | E25: 9A22_v21 AM | F25: 전수 | G25: =SUM(J25:AB25) -> 6 | H25: =AC25+G25 -> 56 | I25: =IFERROR(G25/H25,"0") -> 0.10714286 | R25: 6 | AC25: 50 | AD25: 1. Motor operating rate 500 2. 아그네스 전용 firmware 3. Present Position Graph 이상무 | AG25: L12-20F-3 | AH25: =SUMIF($D$7:$D$84,AG25,$H$7:$H$84) -> 100 | AI25: =SUMIF($D$7:$D$84,AG25,$G$7:$G$84) -> 0 | AJ25: =IFERROR(AI25*100/AH25,"0") -> 0 | AL25: L12-20F-3 | AM25: =SUMIF($D$7:$D$84,AL25,$J$7:$J$84) -> 0 | AN25: =SUMIF($D$7:$D$84,AL25,$K$7:$K$84) -> 0 | AO25: =SUMIF($D$7:$D$84,AL25,$L$7:$L$84) -> 0 | AP25: =SUMIF($D$7:$D$84,AL25,$M$7:$M$84) -> 0 | AQ25: =SUMIF($D$7:$D$84,AL25,$N$7:$N$84) -> 0 | AR25: =SUMIF($D$7:$D$84,AL25,$O$7:$O$84) -> 0 | AS25: =SUMIF($D$7:$D$84,AL25,$P$7:$P$84) -> 0 | AT25: =SUMIF($D$7:$D$84,AL25,$Q$7:$Q$84) -> 0 | AU25: =SUMIF($D$7:$D$84,AL25,$R$7:$R$84) -> 0 | AV25: =SUMIF($D$7:$D$84,AL25,$S$7:$S$84) -> 0 | AW25: =SUMIF($D$7:$D$84,AL25,$T$7:$T$84) -> 0 | AX25: =SUMIF($D$7:$D$84,AL25,$U$7:$U$84) -> 0 | AY25: =SUMIF($D$7:$D$84,AL25,$V$7:$V$84) -> 0 | AZ25: =SUMIF($D$7:$D$84,AL25,$W$7:$W$84) -> 0 | BA25: =SUMIF($D$7:$D$84,AL25,$X$7:$X$84) -> 0 | BB25: =SUMIF($D$7:$D$84,AL25,$Y$7:$Y$84) -> 0 | BC25: =SUMIF($D$7:$D$84,AL25,$Z$7:$Z$84) -> 0 | BD25: =SUMIF($D$7:$D$84,AL25,$AA$7:$AA$84) -> 0 | BE25: =SUMIF($D$7:$D$84,AL25,$AB$7:$AB$84) -> 0 | BF25: =SUM(AM25:BE25) -> 0
A26: 45672 | B26: ETC | C26: Linear servo FC | D26: 12Lf-35F-27 | E26: 9A14_v2.1 | F26: 전수 | G26: =SUM(J26:AB26) -> 0 | H26: =AC26+G26 -> 15 | I26: =IFERROR(G26/H26,"0") -> 0 | AC26: 15 | AG26: L12-40F-3 | AH26: =SUMIF($D$7:$D$84,AG26,$H$7:$H$84) -> 0 | AI26: =SUMIF($D$7:$D$84,AG26,$G$7:$G$84) -> 0 | AJ26: =IFERROR(AI26*100/AH26,"0") -> 0 | AL26: L12-40F-3 | AM26: =SUMIF($D$7:$D$84,AL26,$J$7:$J$84) -> 0 | AN26: =SUMIF($D$7:$D$84,AL26,$K$7:$K$84) -> 0 | AO26: =SUMIF($D$7:$D$84,AL26,$L$7:$L$84) -> 0 | AP26: =SUMIF($D$7:$D$84,AL26,$M$7:$M$84) -> 0 | AQ26: =SUMIF($D$7:$D$84,AL26,$N$7:$N$84) -> 0 | AR26: =SUMIF($D$7:$D$84,AL26,$O$7:$O$84) -> 0 | AS26: =SUMIF($D$7:$D$84,AL26,$P$7:$P$84) -> 0 | AT26: =SUMIF($D$7:$D$84,AL26,$Q$7:$Q$84) -> 0 | AU26: =SUMIF($D$7:$D$84,AL26,$R$7:$R$84) -> 0 | AV26: =SUMIF($D$7:$D$84,AL26,$S$7:$S$84) -> 0 | AW26: =SUMIF($D$7:$D$84,AL26,$T$7:$T$84) -> 0 | AX26: =SUMIF($D$7:$D$84,AL26,$U$7:$U$84) -> 0 | AY26: =SUMIF($D$7:$D$84,AL26,$V$7:$V$84) -> 0 | AZ26: =SUMIF($D$7:$D$84,AL26,$W$7:$W$84) -> 0 | BA26: =SUMIF($D$7:$D$84,AL26,$X$7:$X$84) -> 0 | BB26: =SUMIF($D$7:$D$84,AL26,$Y$7:$Y$84) -> 0 | BC26: =SUMIF($D$7:$D$84,AL26,$Z$7:$Z$84) -> 0 | BD26: =SUMIF($D$7:$D$84,AL26,$AA$7:$AA$84) -> 0 | BE26: =SUMIF($D$7:$D$84,AL26,$AB$7:$AB$84) -> 0 | BF26: =SUM(AM26:BE26) -> 0
B27: ETC | C27: Linear servo FC | D27: 17Lf-20F-27 | E27: 9A15_v1.1.0 | F27: 전수 | G27: =SUM(J27:AB27) -> 0 | H27: =AC27+G27 -> 15 | I27: =IFERROR(G27/H27,"0") -> 0 | AC27: 15 | AG27: L12-40F-3KL | AH27: =SUMIF($D$7:$D$84,AG27,$H$7:$H$84) -> 0 | AI27: =SUMIF($D$7:$D$84,AG27,$G$7:$G$84) -> 0 | AJ27: =IFERROR(AI27*100/AH27,"0") -> 0 | AL27: L12-40F-3KL | AM27: =SUMIF($D$7:$D$84,AL27,$J$7:$J$84) -> 0 | AN27: =SUMIF($D$7:$D$84,AL27,$K$7:$K$84) -> 0 | AO27: =SUMIF($D$7:$D$84,AL27,$L$7:$L$84) -> 0 | AP27: =SUMIF($D$7:$D$84,AL27,$M$7:$M$84) -> 0 | AQ27: =SUMIF($D$7:$D$84,AL27,$N$7:$N$84) -> 0 | AR27: =SUMIF($D$7:$D$84,AL27,$O$7:$O$84) -> 0 | AS27: =SUMIF($D$7:$D$84,AL27,$P$7:$P$84) -> 0 | AT27: =SUMIF($D$7:$D$84,AL27,$Q$7:$Q$84) -> 0 | AU27: =SUMIF($D$7:$D$84,AL27,$R$7:$R$84) -> 0 | AV27: =SUMIF($D$7:$D$84,AL27,$S$7:$S$84) -> 0 | AW27: =SUMIF($D$7:$D$84,AL27,$T$7:$T$84) -> 0 | AX27: =SUMIF($D$7:$D$84,AL27,$U$7:$U$84) -> 0 | AY27: =SUMIF($D$7:$D$84,AL27,$V$7:$V$84) -> 0 | AZ27: =SUMIF($D$7:$D$84,AL27,$W$7:$W$84) -> 0 | BA27: =SUMIF($D$7:$D$84,AL27,$X$7:$X$84) -> 0 | BB27: =SUMIF($D$7:$D$84,AL27,$Y$7:$Y$84) -> 0 | BC27: =SUMIF($D$7:$D$84,AL27,$Z$7:$Z$84) -> 0 | BD27: =SUMIF($D$7:$D$84,AL27,$AA$7:$AA$84) -> 0 | BE27: =SUMIF($D$7:$D$84,AL27,$AB$7:$AB$84) -> 0 | BF27: =SUM(AM27:BE27) -> 0
B28: ETC | C28: Linear servo FC | D28: 12Lf-55F-27 | E28: 9A15_v2.1 | F28: 전수 | G28: =SUM(J28:AB28) -> 0 | H28: =AC28+G28 -> 10 | I28: =IFERROR(G28/H28,"0") -> 0 | AC28: 10 | AG28: L12-20PT-3EL | AH28: =SUMIF($D$7:$D$84,AG28,$H$7:$H$84) -> 0 | AI28: =SUMIF($D$7:$D$84,AG28,$G$7:$G$84) -> 0 | AJ28: =IFERROR(AI28*100/AH28,"0") -> 0 | AL28: L12-64F-3 | AM28: =SUMIF($D$7:$D$84,AL28,$J$7:$J$84) -> 0 | AN28: =SUMIF($D$7:$D$84,AL28,$K$7:$K$84) -> 0 | AO28: =SUMIF($D$7:$D$84,AL28,$L$7:$L$84) -> 0 | AP28: =SUMIF($D$7:$D$84,AL28,$M$7:$M$84) -> 0 | AQ28: =SUMIF($D$7:$D$84,AL28,$N$7:$N$84) -> 0 | AR28: =SUMIF($D$7:$D$84,AL28,$O$7:$O$84) -> 0 | AS28: =SUMIF($D$7:$D$84,AL28,$P$7:$P$84) -> 0 | AT28: =SUMIF($D$7:$D$84,AL28,$Q$7:$Q$84) -> 0 | AU28: =SUMIF($D$7:$D$84,AL28,$R$7:$R$84) -> 0 | AV28: =SUMIF($D$7:$D$84,AL28,$S$7:$S$84) -> 0 | AW28: =SUMIF($D$7:$D$84,AL28,$T$7:$T$84) -> 0 | AX28: =SUMIF($D$7:$D$84,AL28,$U$7:$U$84) -> 0 | AY28: =SUMIF($D$7:$D$84,AL28,$V$7:$V$84) -> 0 | AZ28: =SUMIF($D$7:$D$84,AL28,$W$7:$W$84) -> 0 | BA28: =SUMIF($D$7:$D$84,AL28,$X$7:$X$84) -> 0 | BB28: =SUMIF($D$7:$D$84,AL28,$Y$7:$Y$84) -> 0 | BC28: =SUMIF($D$7:$D$84,AL28,$Z$7:$Z$84) -> 0 | BD28: =SUMIF($D$7:$D$84,AL28,$AA$7:$AA$84) -> 0 | BE28: =SUMIF($D$7:$D$84,AL28,$AB$7:$AB$84) -> 0 | BF28: =SUM(AM28:BE28) -> 0
A29: 45673 | B29: ETC | C29: Linear servo FC | D29: 17Lf-27F-50 | E29: 9A15_v1.1.0 | F29: 전수 | G29: =SUM(J29:AB29) -> 0 | H29: =AC29+G29 -> 10 | I29: =IFERROR(G29/H29,"0") -> 0 | AC29: 10 | AG29: L12-64F-3 | AH29: =SUMIF($D$7:$D$84,AG29,$H$7:$H$84) -> 0 | AI29: =SUMIF($D$7:$D$84,AG29,$G$7:$G$84) -> 0 | AJ29: =IFERROR(AI29*100/AH29,"0") -> 0 | AL29: L12-100F-3 | AM29: =SUMIF($D$7:$D$84,AL29,$J$7:$J$84) -> 0 | AN29: =SUMIF($D$7:$D$84,AL29,$K$7:$K$84) -> 0 | AO29: =SUMIF($D$7:$D$84,AL29,$L$7:$L$84) -> 0 | AP29: =SUMIF($D$7:$D$84,AL29,$M$7:$M$84) -> 0 | AQ29: =SUMIF($D$7:$D$84,AL29,$N$7:$N$84) -> 0 | AR29: =SUMIF($D$7:$D$84,AL29,$O$7:$O$84) -> 0 | AS29: =SUMIF($D$7:$D$84,AL29,$P$7:$P$84) -> 0 | AT29: =SUMIF($D$7:$D$84,AL29,$Q$7:$Q$84) -> 0 | AU29: =SUMIF($D$7:$D$84,AL29,$R$7:$R$84) -> 0 | AV29: =SUMIF($D$7:$D$84,AL29,$S$7:$S$84) -> 0 | AW29: =SUMIF($D$7:$D$84,AL29,$T$7:$T$84) -> 0 | AX29: =SUMIF($D$7:$D$84,AL29,$U$7:$U$84) -> 0 | AY29: =SUMIF($D$7:$D$84,AL29,$V$7:$V$84) -> 0 | AZ29: =SUMIF($D$7:$D$84,AL29,$W$7:$W$84) -> 0 | BA29: =SUMIF($D$7:$D$84,AL29,$X$7:$X$84) -> 0 | BB29: =SUMIF($D$7:$D$84,AL29,$Y$7:$Y$84) -> 0 | BC29: =SUMIF($D$7:$D$84,AL29,$Z$7:$Z$84) -> 0 | BD29: =SUMIF($D$7:$D$84,AL29,$AA$7:$AA$84) -> 0 | BE29: =SUMIF($D$7:$D$84,AL29,$AB$7:$AB$84) -> 0 | BF29: =SUM(AM29:BE29) -> 0
B30: ETC | C30: Linear servo FC | D30: 12Lf-12PT-27 | E30: 9A16_v2.1 | F30: 전수 | G30: =SUM(J30:AB30) -> 0 | H30: =AC30+G30 -> 5 | I30: =IFERROR(G30/H30,"0") -> 0 | AC30: 5 | AG30: L12-100F-3 | AH30: =SUMIF($D$7:$D$84,AG30,$H$7:$H$84) -> 50 | AI30: =SUMIF($D$7:$D$84,AG30,$G$7:$G$84) -> 0 | AJ30: =IFERROR(AI30*100/AH30,"0") -> 0 | AL30: D7-6F-3 | AM30: =SUMIF($D$7:$D$84,AL30,$J$7:$J$84) -> 0 | AN30: =SUMIF($D$7:$D$84,AL30,$K$7:$K$84) -> 0 | AO30: =SUMIF($D$7:$D$84,AL30,$L$7:$L$84) -> 0 | AP30: =SUMIF($D$7:$D$84,AL30,$M$7:$M$84) -> 0 | AQ30: =SUMIF($D$7:$D$84,AL30,$N$7:$N$84) -> 0 | AR30: =SUMIF($D$7:$D$84,AL30,$O$7:$O$84) -> 0 | AS30: =SUMIF($D$7:$D$84,AL30,$P$7:$P$84) -> 0 | AT30: =SUMIF($D$7:$D$84,AL30,$Q$7:$Q$84) -> 0 | AU30: =SUMIF($D$7:$D$84,AL30,$R$7:$R$84) -> 0 | AV30: =SUMIF($D$7:$D$84,AL30,$S$7:$S$84) -> 0 | AW30: =SUMIF($D$7:$D$84,AL30,$T$7:$T$84) -> 0 | AX30: =SUMIF($D$7:$D$84,AL30,$U$7:$U$84) -> 0 | AY30: =SUMIF($D$7:$D$84,AL30,$V$7:$V$84) -> 0 | AZ30: =SUMIF($D$7:$D$84,AL30,$W$7:$W$84) -> 0 | BA30: =SUMIF($D$7:$D$84,AL30,$X$7:$X$84) -> 0 | BB30: =SUMIF($D$7:$D$84,AL30,$Y$7:$Y$84) -> 0 | BC30: =SUMIF($D$7:$D$84,AL30,$Z$7:$Z$84) -> 0 | BD30: =SUMIF($D$7:$D$84,AL30,$AA$7:$AA$84) -> 0 | BE30: =SUMIF($D$7:$D$84,AL30,$AB$7:$AB$84) -> 0 | BF30: =SUM(AM30:BE30) -> 0
B31: ETC | C31: Linear servo FC | D31: 17Lf-35F-27 | E31: 9A16_v2.1 | F31: 전수 | G31: =SUM(J31:AB31) -> 0 | H31: =AC31+G31 -> 10 | I31: =IFERROR(G31/H31,"0") -> 0 | AC31: 10 | AG31: D7-6PT-3 | AH31: =SUMIF($D$7:$D$84,AG31,$H$7:$H$84) -> 0 | AI31: =SUMIF($D$7:$D$84,AG31,$G$7:$G$84) -> 0 | AJ31: =IFERROR(AI31*100/AH31,"0") -> 0 | AL31: D7-6PT-3 | AM31: =SUMIF($D$7:$D$84,AL31,$J$7:$J$84) -> 0 | AN31: =SUMIF($D$7:$D$84,AL31,$K$7:$K$84) -> 0 | AO31: =SUMIF($D$7:$D$84,AL31,$L$7:$L$84) -> 0 | AP31: =SUMIF($D$7:$D$84,AL31,$M$7:$M$84) -> 0 | AQ31: =SUMIF($D$7:$D$84,AL31,$N$7:$N$84) -> 0 | AR31: =SUMIF($D$7:$D$84,AL31,$O$7:$O$84) -> 0 | AS31: =SUMIF($D$7:$D$84,AL31,$P$7:$P$84) -> 0 | AT31: =SUMIF($D$7:$D$84,AL31,$Q$7:$Q$84) -> 0 | AU31: =SUMIF($D$7:$D$84,AL31,$R$7:$R$84) -> 0 | AV31: =SUMIF($D$7:$D$84,AL31,$S$7:$S$84) -> 0 | AW31: =SUMIF($D$7:$D$84,AL31,$T$7:$T$84) -> 0 | AX31: =SUMIF($D$7:$D$84,AL31,$U$7:$U$84) -> 0 | AY31: =SUMIF($D$7:$D$84,AL31,$V$7:$V$84) -> 0 | AZ31: =SUMIF($D$7:$D$84,AL31,$W$7:$W$84) -> 0 | BA31: =SUMIF($D$7:$D$84,AL31,$X$7:$X$84) -> 0 | BB31: =SUMIF($D$7:$D$84,AL31,$Y$7:$Y$84) -> 0 | BC31: =SUMIF($D$7:$D$84,AL31,$Z$7:$Z$84) -> 0 | BD31: =SUMIF($D$7:$D$84,AL31,$AA$7:$AA$84) -> 0 | BE31: =SUMIF($D$7:$D$84,AL31,$AB$7:$AB$84) -> 0 | BF31: =SUM(AM31:BE31) -> 0
B32: ETC | C32: Linear servo FC | D32: 17Lf-70F-27 | E32: 9A16_v2.1 | F32: 전수 | G32: =SUM(J32:AB32) -> 0 | H32: =AC32+G32 -> 10 | I32: =IFERROR(G32/H32,"0") -> 0 | AC32: 10 | AG32: D7-6F-3 | AH32: =SUMIF($D$7:$D$84,AG32,$H$7:$H$84) -> 0 | AI32: =SUMIF($D$7:$D$84,AG32,$G$7:$G$84) -> 0 | AJ32: =IFERROR(AI32*100/AH32,"0") -> 0 | AL32: D12-12PT-3 | AM32: =SUMIF($D$7:$D$84,AL32,$J$7:$J$84) -> 0 | AN32: =SUMIF($D$7:$D$84,AL32,$K$7:$K$84) -> 0 | AO32: =SUMIF($D$7:$D$84,AL32,$L$7:$L$84) -> 0 | AP32: =SUMIF($D$7:$D$84,AL32,$M$7:$M$84) -> 0 | AQ32: =SUMIF($D$7:$D$84,AL32,$N$7:$N$84) -> 0 | AR32: =SUMIF($D$7:$D$84,AL32,$O$7:$O$84) -> 0 | AS32: =SUMIF($D$7:$D$84,AL32,$P$7:$P$84) -> 0 | AT32: =SUMIF($D$7:$D$84,AL32,$Q$7:$Q$84) -> 0 | AU32: =SUMIF($D$7:$D$84,AL32,$R$7:$R$84) -> 0 | AV32: =SUMIF($D$7:$D$84,AL32,$S$7:$S$84) -> 0 | AW32: =SUMIF($D$7:$D$84,AL32,$T$7:$T$84) -> 0 | AX32: =SUMIF($D$7:$D$84,AL32,$U$7:$U$84) -> 0 | AY32: =SUMIF($D$7:$D$84,AL32,$V$7:$V$84) -> 0 | AZ32: =SUMIF($D$7:$D$84,AL32,$W$7:$W$84) -> 0 | BA32: =SUMIF($D$7:$D$84,AL32,$X$7:$X$84) -> 0 | BB32: =SUMIF($D$7:$D$84,AL32,$Y$7:$Y$84) -> 0 | BC32: =SUMIF($D$7:$D$84,AL32,$Z$7:$Z$84) -> 0 | BD32: =SUMIF($D$7:$D$84,AL32,$AA$7:$AA$84) -> 0 | BE32: =SUMIF($D$7:$D$84,AL32,$AB$7:$AB$84) -> 0 | BF32: =SUM(AM32:BE32) -> 0
A33: 45674 | B33: ETC | C33: Linear servo FC | D33: 12Lf-78PT-53 | E33: 9A17_v2.1 | F33: 전수 | G33: =SUM(J33:AA33) -> 0 | H33: =AC33+G33 -> 6 | I33: =IFERROR(G33/H33,"0") -> 0 | AC33: 6 | AG33: D12-12PT-3 | AH33: =SUMIF($D$7:$D$84,AG33,$H$7:$H$84) -> 0 | AI33: =SUMIF($D$7:$D$84,AG33,$G$7:$G$84) -> 0 | AJ33: =IFERROR(AI33*100/AH33,"0") -> 0 | AL33: D12-12F-3 | AM33: =SUMIF($D$7:$D$84,AL33,$J$7:$J$84) -> 0 | AN33: =SUMIF($D$7:$D$84,AL33,$K$7:$K$84) -> 0 | AO33: =SUMIF($D$7:$D$84,AL33,$L$7:$L$84) -> 0 | AP33: =SUMIF($D$7:$D$84,AL33,$M$7:$M$84) -> 0 | AQ33: =SUMIF($D$7:$D$84,AL33,$N$7:$N$84) -> 0 | AR33: =SUMIF($D$7:$D$84,AL33,$O$7:$O$84) -> 0 | AS33: =SUMIF($D$7:$D$84,AL33,$P$7:$P$84) -> 0 | AT33: =SUMIF($D$7:$D$84,AL33,$Q$7:$Q$84) -> 0 | AU33: =SUMIF($D$7:$D$84,AL33,$R$7:$R$84) -> 0 | AV33: =SUMIF($D$7:$D$84,AL33,$S$7:$S$84) -> 0 | AW33: =SUMIF($D$7:$D$84,AL33,$T$7:$T$84) -> 0 | AX33: =SUMIF($D$7:$D$84,AL33,$U$7:$U$84) -> 0 | AY33: =SUMIF($D$7:$D$84,AL33,$V$7:$V$84) -> 0 | AZ33: =SUMIF($D$7:$D$84,AL33,$W$7:$W$84) -> 0 | BA33: =SUMIF($D$7:$D$84,AL33,$X$7:$X$84) -> 0 | BB33: =SUMIF($D$7:$D$84,AL33,$Y$7:$Y$84) -> 0 | BC33: =SUMIF($D$7:$D$84,AL33,$Z$7:$Z$84) -> 0 | BD33: =SUMIF($D$7:$D$84,AL33,$AA$7:$AA$84) -> 0 | BE33: =SUMIF($D$7:$D$84,AL33,$AB$7:$AB$84) -> 0 | BF33: =SUM(AM33:BE33) -> 0
A34: 45677 | B34: ETC | C34: Linear servo FC | D34: 12Lf-12PT-27 | E34: 9A17_v2.1 | F34: 전수 | G34: =SUM(J34:AA34) -> 0 | H34: =AC34+G34 -> 25 | I34: =IFERROR(G34/H34,"0") -> 0 | AC34: 25 | AG34: D12-12F-3 | AH34: =SUMIF($D$7:$D$84,AG34,$H$7:$H$84) -> 0 | AI34: =SUMIF($D$7:$D$84,AG34,$G$7:$G$84) -> 0 | AJ34: =IFERROR(AI34*100/AH34,"0") -> 0 | AL34: D12-6PT-3 | AM34: =SUMIF($D$7:$D$84,AL34,$J$7:$J$84) -> 0 | AN34: =SUMIF($D$7:$D$84,AL34,$K$7:$K$84) -> 0 | AO34: =SUMIF($D$7:$D$84,AL34,$L$7:$L$84) -> 0 | AP34: =SUMIF($D$7:$D$84,AL34,$M$7:$M$84) -> 0 | AQ34: =SUMIF($D$7:$D$84,AL34,$N$7:$N$84) -> 0 | AR34: =SUMIF($D$7:$D$84,AL34,$O$7:$O$84) -> 0 | AS34: =SUMIF($D$7:$D$84,AL34,$P$7:$P$84) -> 0 | AT34: =SUMIF($D$7:$D$84,AL34,$Q$7:$Q$84) -> 0 | AU34: =SUMIF($D$7:$D$84,AL34,$R$7:$R$84) -> 0 | AV34: =SUMIF($D$7:$D$84,AL34,$S$7:$S$84) -> 0 | AW34: =SUMIF($D$7:$D$84,AL34,$T$7:$T$84) -> 0 | AX34: =SUMIF($D$7:$D$84,AL34,$U$7:$U$84) -> 0 | AY34: =SUMIF($D$7:$D$84,AL34,$V$7:$V$84) -> 0 | AZ34: =SUMIF($D$7:$D$84,AL34,$W$7:$W$84) -> 0 | BA34: =SUMIF($D$7:$D$84,AL34,$X$7:$X$84) -> 0 | BB34: =SUMIF($D$7:$D$84,AL34,$Y$7:$Y$84) -> 0 | BC34: =SUMIF($D$7:$D$84,AL34,$Z$7:$Z$84) -> 0 | BD34: =SUMIF($D$7:$D$84,AL34,$AA$7:$AA$84) -> 0 | BE34: =SUMIF($D$7:$D$84,AL34,$AB$7:$AB$84) -> 0 | BF34: =SUM(AM34:BE34) -> 0
B35: ETC | C35: Linear servo FC | D35: 12Lf-20F-27 | E35: 9A17_v2.1 | F35: 전수 | G35: =SUM(J35:AA35) -> 0 | H35: =AC35+G35 -> 30 | I35: =IFERROR(G35/H35,"0") -> 0 | AC35: 30 | AG35: D12-6PT-3 | AH35: =SUMIF($D$7:$D$84,AG35,$H$7:$H$84) -> 0 | AI35: =SUMIF($D$7:$D$84,AG35,$G$7:$G$84) -> 0 | AJ35: =IFERROR(AI35*100/AH35,"0") -> 0 | AL35: D12-6F-3 | AM35: =SUMIF($D$7:$D$84,AL35,$J$7:$J$84) -> 0 | AN35: =SUMIF($D$7:$D$84,AL35,$K$7:$K$84) -> 0 | AO35: =SUMIF($D$7:$D$84,AL35,$L$7:$L$84) -> 0 | AP35: =SUMIF($D$7:$D$84,AL35,$M$7:$M$84) -> 0 | AQ35: =SUMIF($D$7:$D$84,AL35,$N$7:$N$84) -> 0 | AR35: =SUMIF($D$7:$D$84,AL35,$O$7:$O$84) -> 0 | AS35: =SUMIF($D$7:$D$84,AL35,$P$7:$P$84) -> 0 | AT35: =SUMIF($D$7:$D$84,AL35,$Q$7:$Q$84) -> 0 | AU35: =SUMIF($D$7:$D$84,AL35,$R$7:$R$84) -> 0 | AV35: =SUMIF($D$7:$D$84,AL35,$S$7:$S$84) -> 0 | AW35: =SUMIF($D$7:$D$84,AL35,$T$7:$T$84) -> 0 | AX35: =SUMIF($D$7:$D$84,AL35,$U$7:$U$84) -> 0 | AY35: =SUMIF($D$7:$D$84,AL35,$V$7:$V$84) -> 0 | AZ35: =SUMIF($D$7:$D$84,AL35,$W$7:$W$84) -> 0 | BA35: =SUMIF($D$7:$D$84,AL35,$X$7:$X$84) -> 0 | BB35: =SUMIF($D$7:$D$84,AL35,$Y$7:$Y$84) -> 0 | BC35: =SUMIF($D$7:$D$84,AL35,$Z$7:$Z$84) -> 0 | BD35: =SUMIF($D$7:$D$84,AL35,$AA$7:$AA$84) -> 0 | BE35: =SUMIF($D$7:$D$84,AL35,$AB$7:$AB$84) -> 0 | BF35: =SUM(AM35:BE35) -> 0
B36: ETC | C36: Linear servo FC | D36: 12Lf-10F-40 | E36: 9A20_v2.1 | F36: 전수 | G36: =SUM(J36:AA36) -> 0 | H36: =AC36+G36 -> 14 | I36: =IFERROR(G36/H36,"0") -> 0 | AB36: 1 | AC36: 14 | AG36: D12-6F-3 | AH36: =SUMIF($D$7:$D$84,AG36,$H$7:$H$84) -> 0 | AI36: =SUMIF($D$7:$D$84,AG36,$G$7:$G$84) -> 0 | AJ36: =IFERROR(AI36*100/AH36,"0") -> 0 | AL36: D7-12PT-3 | AM36: =SUMIF($D$7:$D$84,AL36,$J$7:$J$84) -> 0 | AN36: =SUMIF($D$7:$D$84,AL36,$K$7:$K$84) -> 0 | AO36: =SUMIF($D$7:$D$84,AL36,$L$7:$L$84) -> 0 | AP36: =SUMIF($D$7:$D$84,AL36,$M$7:$M$84) -> 0 | AQ36: =SUMIF($D$7:$D$84,AL36,$N$7:$N$84) -> 0 | AR36: =SUMIF($D$7:$D$84,AL36,$O$7:$O$84) -> 0 | AS36: =SUMIF($D$7:$D$84,AL36,$P$7:$P$84) -> 0 | AT36: =SUMIF($D$7:$D$84,AL36,$Q$7:$Q$84) -> 0 | AU36: =SUMIF($D$7:$D$84,AL36,$R$7:$R$84) -> 0 | AV36: =SUMIF($D$7:$D$84,AL36,$S$7:$S$84) -> 0 | AW36: =SUMIF($D$7:$D$84,AL36,$T$7:$T$84) -> 0 | AX36: =SUMIF($D$7:$D$84,AL36,$U$7:$U$84) -> 0 | AY36: =SUMIF($D$7:$D$84,AL36,$V$7:$V$84) -> 0 | AZ36: =SUMIF($D$7:$D$84,AL36,$W$7:$W$84) -> 0 | BA36: =SUMIF($D$7:$D$84,AL36,$X$7:$X$84) -> 0 | BB36: =SUMIF($D$7:$D$84,AL36,$Y$7:$Y$84) -> 0 | BC36: =SUMIF($D$7:$D$84,AL36,$Z$7:$Z$84) -> 0 | BD36: =SUMIF($D$7:$D$84,AL36,$AA$7:$AA$84) -> 0 | BE36: =SUMIF($D$7:$D$84,AL36,$AB$7:$AB$84) -> 0 | BF36: =SUM(AM36:BE36) -> 0
A37: 45678 | B37: ETC | C37: Linear servo FC | D37: 12Lf-27PT-90 | E37: 9A21_v2.1 | F37: 전수 | G37: =SUM(J37:AA37) -> 1 | H37: =AC37+G37 -> 15 | I37: =IFERROR(G37/H37,"0") -> 0.066666667 | T37: 1 | AC37: 14 | AG37: D7-12PT-3 | AH37: =SUMIF($D$7:$D$84,AG37,$H$7:$H$84) -> 0 | AI37: =SUMIF($D$7:$D$84,AG37,$G$7:$G$84) -> 0 | AJ37: =IFERROR(AI37*100/AH37,"0") -> 0 | AL37: D7-12F-3 | AM37: =SUMIF($D$7:$D$84,AL37,$J$7:$J$84) -> 0 | AN37: =SUMIF($D$7:$D$84,AL37,$K$7:$K$84) -> 0 | AO37: =SUMIF($D$7:$D$84,AL37,$L$7:$L$84) -> 0 | AP37: =SUMIF($D$7:$D$84,AL37,$M$7:$M$84) -> 0 | AQ37: =SUMIF($D$7:$D$84,AL37,$N$7:$N$84) -> 0 | AR37: =SUMIF($D$7:$D$84,AL37,$O$7:$O$84) -> 0 | AS37: =SUMIF($D$7:$D$84,AL37,$P$7:$P$84) -> 0 | AT37: =SUMIF($D$7:$D$84,AL37,$Q$7:$Q$84) -> 0 | AU37: =SUMIF($D$7:$D$84,AL37,$R$7:$R$84) -> 0 | AV37: =SUMIF($D$7:$D$84,AL37,$S$7:$S$84) -> 0 | AW37: =SUMIF($D$7:$D$84,AL37,$T$7:$T$84) -> 0 | AX37: =SUMIF($D$7:$D$84,AL37,$U$7:$U$84) -> 0 | AY37: =SUMIF($D$7:$D$84,AL37,$V$7:$V$84) -> 0 | AZ37: =SUMIF($D$7:$D$84,AL37,$W$7:$W$84) -> 0 | BA37: =SUMIF($D$7:$D$84,AL37,$X$7:$X$84) -> 0 | BB37: =SUMIF($D$7:$D$84,AL37,$Y$7:$Y$84) -> 0 | BC37: =SUMIF($D$7:$D$84,AL37,$Z$7:$Z$84) -> 0 | BD37: =SUMIF($D$7:$D$84,AL37,$AA$7:$AA$84) -> 0 | BE37: =SUMIF($D$7:$D$84,AL37,$AB$7:$AB$84) -> 0 | BF37: =SUM(AM37:BE37) -> 0
A38: 45679 | B38: ETC | C38: Linear servo FC | D38: 12Lf-17PT-90 | E38: 9A21_v2.1 | F38: 전수 | G38: =SUM(J38:AA38) -> 0 | H38: =AC38+G38 -> 15 | I38: =IFERROR(G38/H38,"0") -> 0 | AC38: 15 | AG38: D7-12F-3 | AH38: =SUMIF($D$7:$D$84,AG38,$H$7:$H$84) -> 0 | AI38: =SUMIF($D$7:$D$84,AG38,$G$7:$G$84) -> 0 | AJ38: =IFERROR(AI38*100/AH38,"0") -> 0 | AL38: L12-20PT-4 | AM38: =SUMIF($D$7:$D$84,AL38,$J$7:$J$84) -> 0 | AN38: =SUMIF($D$7:$D$84,AL38,$K$7:$K$84) -> 0 | AO38: =SUMIF($D$7:$D$84,AL38,$L$7:$L$84) -> 0 | AP38: =SUMIF($D$7:$D$84,AL38,$M$7:$M$84) -> 0 | AQ38: =SUMIF($D$7:$D$84,AL38,$N$7:$N$84) -> 0 | AR38: =SUMIF($D$7:$D$84,AL38,$O$7:$O$84) -> 0 | AS38: =SUMIF($D$7:$D$84,AL38,$P$7:$P$84) -> 0 | AT38: =SUMIF($D$7:$D$84,AL38,$Q$7:$Q$84) -> 0 | AU38: =SUMIF($D$7:$D$84,AL38,$R$7:$R$84) -> 0 | AV38: =SUMIF($D$7:$D$84,AL38,$S$7:$S$84) -> 0 | AW38: =SUMIF($D$7:$D$84,AL38,$T$7:$T$84) -> 0 | AX38: =SUMIF($D$7:$D$84,AL38,$U$7:$U$84) -> 0 | AY38: =SUMIF($D$7:$D$84,AL38,$V$7:$V$84) -> 0 | AZ38: =SUMIF($D$7:$D$84,AL38,$W$7:$W$84) -> 0 | BA38: =SUMIF($D$7:$D$84,AL38,$X$7:$X$84) -> 0 | BB38: =SUMIF($D$7:$D$84,AL38,$Y$7:$Y$84) -> 0 | BC38: =SUMIF($D$7:$D$84,AL38,$Z$7:$Z$84) -> 0 | BD38: =SUMIF($D$7:$D$84,AL38,$AA$7:$AA$84) -> 0 | BE38: =SUMIF($D$7:$D$84,AL38,$AB$7:$AB$84) -> 0 | BF38: =SUM(AM38:BE38) -> 0
B39: ETC | C39: Linear servo FC | D39: 12Lf-27PT-90 | E39: 9A21_v2.1 | F39: 전수 | G39: =SUM(J39:AA39) -> 0 | H39: =AC39+G39 -> 1 | I39: =IFERROR(G39/H39,"0") -> 0 | AC39: 1 | AG39: LS2L-03ES | AH39: =SUMIF($D$7:$D$84,AG39,$H$7:$H$84) -> 0 | AI39: =SUMIF($D$7:$D$84,AG39,$G$7:$G$84) -> 0 | AJ39: =IFERROR(AI39*100/AH39,"0") -> 0 | AL39: L12-20F-4 | AM39: =SUMIF($D$7:$D$84,AL39,$J$7:$J$84) -> 0 | AN39: =SUMIF($D$7:$D$84,AL39,$K$7:$K$84) -> 0 | AO39: =SUMIF($D$7:$D$84,AL39,$L$7:$L$84) -> 0 | AP39: =SUMIF($D$7:$D$84,AL39,$M$7:$M$84) -> 0 | AQ39: =SUMIF($D$7:$D$84,AL39,$N$7:$N$84) -> 0 | AR39: =SUMIF($D$7:$D$84,AL39,$O$7:$O$84) -> 0 | AS39: =SUMIF($D$7:$D$84,AL39,$P$7:$P$84) -> 0 | AT39: =SUMIF($D$7:$D$84,AL39,$Q$7:$Q$84) -> 0 | AU39: =SUMIF($D$7:$D$84,AL39,$R$7:$R$84) -> 0 | AV39: =SUMIF($D$7:$D$84,AL39,$S$7:$S$84) -> 0 | AW39: =SUMIF($D$7:$D$84,AL39,$T$7:$T$84) -> 0 | AX39: =SUMIF($D$7:$D$84,AL39,$U$7:$U$84) -> 0 | AY39: =SUMIF($D$7:$D$84,AL39,$V$7:$V$84) -> 0 | AZ39: =SUMIF($D$7:$D$84,AL39,$W$7:$W$84) -> 0 | BA39: =SUMIF($D$7:$D$84,AL39,$X$7:$X$84) -> 0 | BB39: =SUMIF($D$7:$D$84,AL39,$Y$7:$Y$84) -> 0 | BC39: =SUMIF($D$7:$D$84,AL39,$Z$7:$Z$84) -> 0 | BD39: =SUMIF($D$7:$D$84,AL39,$AA$7:$AA$84) -> 0 | BE39: =SUMIF($D$7:$D$84,AL39,$AB$7:$AB$84) -> 0 | BF39: =SUM(AM39:BE39) -> 0
G40: =SUM(J40:AA40) -> 0 | H40: =AC40+G40 -> 0 | I40: =IFERROR(G40/H40,"0") -> 0 | AG40: L12-20PT-3ES | AH40: =SUMIF($D$7:$D$84,AG40,$H$7:$H$84) -> 0 | AI40: =SUMIF($D$7:$D$84,AG40,$G$7:$G$84) -> 0 | AJ40: =IFERROR(AI40*100/AH40,"0") -> 0 | AL40: L12-30PT-4 | AM40: =SUMIF($D$7:$D$84,AL40,$J$7:$J$84) -> 0 | AN40: =SUMIF($D$7:$D$84,AL40,$K$7:$K$84) -> 0 | AO40: =SUMIF($D$7:$D$84,AL40,$L$7:$L$84) -> 0 | AP40: =SUMIF($D$7:$D$84,AL40,$M$7:$M$84) -> 0 | AQ40: =SUMIF($D$7:$D$84,AL40,$N$7:$N$84) -> 0 | AR40: =SUMIF($D$7:$D$84,AL40,$O$7:$O$84) -> 0 | AS40: =SUMIF($D$7:$D$84,AL40,$P$7:$P$84) -> 0 | AT40: =SUMIF($D$7:$D$84,AL40,$Q$7:$Q$84) -> 0 | AU40: =SUMIF($D$7:$D$84,AL40,$R$7:$R$84) -> 0 | AV40: =SUMIF($D$7:$D$84,AL40,$S$7:$S$84) -> 0 | AW40: =SUMIF($D$7:$D$84,AL40,$T$7:$T$84) -> 0 | AX40: =SUMIF($D$7:$D$84,AL40,$U$7:$U$84) -> 0 | AY40: =SUMIF($D$7:$D$84,AL40,$V$7:$V$84) -> 0 | AZ40: =SUMIF($D$7:$D$84,AL40,$W$7:$W$84) -> 0 | BA40: =SUMIF($D$7:$D$84,AL40,$X$7:$X$84) -> 0 | BB40: =SUMIF($D$7:$D$84,AL40,$Y$7:$Y$84) -> 0 | BC40: =SUMIF($D$7:$D$84,AL40,$Z$7:$Z$84) -> 0 | BD40: =SUMIF($D$7:$D$84,AL40,$AA$7:$AA$84) -> 0 | BE40: =SUMIF($D$7:$D$84,AL40,$AB$7:$AB$84) -> 0 | BF40: =SUM(AM40:BE40) -> 0
G41: =SUM(J41:AA41) -> 0 | H41: =AC41+G41 -> 0 | I41: =IFERROR(G41/H41,"0") -> 0 | AG41: 12Lf-100PT-27MI | AH41: =SUMIF($D$7:$D$84,AG41,$H$7:$H$84) -> 0 | AI41: =SUMIF($D$7:$D$84,AG41,$G$7:$G$84) -> 0 | AJ41: =IFERROR(AI41*100/AH41,"0") -> 0 | AL41: L12-30F-4 | AM41: =SUMIF($D$7:$D$84,AL41,$J$7:$J$84) -> 0 | AN41: =SUMIF($D$7:$D$84,AL41,$K$7:$K$84) -> 0 | AO41: =SUMIF($D$7:$D$84,AL41,$L$7:$L$84) -> 0 | AP41: =SUMIF($D$7:$D$84,AL41,$M$7:$M$84) -> 0 | AQ41: =SUMIF($D$7:$D$84,AL41,$N$7:$N$84) -> 0 | AR41: =SUMIF($D$7:$D$84,AL41,$O$7:$O$84) -> 0 | AS41: =SUMIF($D$7:$D$84,AL41,$P$7:$P$84) -> 0 | AT41: =SUMIF($D$7:$D$84,AL41,$Q$7:$Q$84) -> 0 | AU41: =SUMIF($D$7:$D$84,AL41,$R$7:$R$84) -> 0 | AV41: =SUMIF($D$7:$D$84,AL41,$S$7:$S$84) -> 0 | AW41: =SUMIF($D$7:$D$84,AL41,$T$7:$T$84) -> 0 | AX41: =SUMIF($D$7:$D$84,AL41,$U$7:$U$84) -> 0 | AY41: =SUMIF($D$7:$D$84,AL41,$V$7:$V$84) -> 0 | AZ41: =SUMIF($D$7:$D$84,AL41,$W$7:$W$84) -> 0 | BA41: =SUMIF($D$7:$D$84,AL41,$X$7:$X$84) -> 0 | BB41: =SUMIF($D$7:$D$84,AL41,$Y$7:$Y$84) -> 0 | BC41: =SUMIF($D$7:$D$84,AL41,$Z$7:$Z$84) -> 0 | BD41: =SUMIF($D$7:$D$84,AL41,$AA$7:$AA$84) -> 0 | BE41: =SUMIF($D$7:$D$84,AL41,$AB$7:$AB$84) -> 0 | BF41: =SUM(AM41:BE41) -> 0
G42: =SUM(J42:AA42) -> 0 | H42: =AC42+G42 -> 0 | I42: =IFERROR(G42/H42,"0") -> 0 | AG42: 12Lf-100F-27MI | AH42: =SUMIF($D$7:$D$84,AG42,$H$7:$H$84) -> 0 | AI42: =SUMIF($D$7:$D$84,AG42,$G$7:$G$84) -> 0 | AJ42: =IFERROR(AI42*100/AH42,"0") -> 0 | AL42: L12-50PT-4 | AM42: =SUMIF($D$7:$D$84,AL42,$J$7:$J$84) -> 0 | AN42: =SUMIF($D$7:$D$84,AL42,$K$7:$K$84) -> 0 | AO42: =SUMIF($D$7:$D$84,AL42,$L$7:$L$84) -> 0 | AP42: =SUMIF($D$7:$D$84,AL42,$M$7:$M$84) -> 0 | AQ42: =SUMIF($D$7:$D$84,AL42,$N$7:$N$84) -> 0 | AR42: =SUMIF($D$7:$D$84,AL42,$O$7:$O$84) -> 0 | AS42: =SUMIF($D$7:$D$84,AL42,$P$7:$P$84) -> 0 | AT42: =SUMIF($D$7:$D$84,AL42,$Q$7:$Q$84) -> 0 | AU42: =SUMIF($D$7:$D$84,AL42,$R$7:$R$84) -> 0 | AV42: =SUMIF($D$7:$D$84,AL42,$S$7:$S$84) -> 0 | AW42: =SUMIF($D$7:$D$84,AL42,$T$7:$T$84) -> 0 | AX42: =SUMIF($D$7:$D$84,AL42,$U$7:$U$84) -> 0 | AY42: =SUMIF($D$7:$D$84,AL42,$V$7:$V$84) -> 0 | AZ42: =SUMIF($D$7:$D$84,AL42,$W$7:$W$84) -> 0 | BA42: =SUMIF($D$7:$D$84,AL42,$X$7:$X$84) -> 0 | BB42: =SUMIF($D$7:$D$84,AL42,$Y$7:$Y$84) -> 0 | BC42: =SUMIF($D$7:$D$84,AL42,$Z$7:$Z$84) -> 0 | BD42: =SUMIF($D$7:$D$84,AL42,$AA$7:$AA$84) -> 0 | BE42: =SUMIF($D$7:$D$84,AL42,$AB$7:$AB$84) -> 0 | BF42: =SUM(AM42:BE42) -> 0
G43: =SUM(J43:AA43) -> 0 | H43: =AC43+G43 -> 0 | I43: =IFERROR(G43/H43,"0") -> 0 | AG43: L12-100F-3MI | AH43: =SUMIF($D$7:$D$84,AG43,$H$7:$H$84) -> 0 | AI43: =SUMIF($D$7:$D$84,AG43,$G$7:$G$84) -> 0 | AJ43: =IFERROR(AI43*100/AH43,"0") -> 0 | AL43: L12-50F-4 | AM43: =SUMIF($D$7:$D$84,AL43,$J$7:$J$84) -> 0 | AN43: =SUMIF($D$7:$D$84,AL43,$K$7:$K$84) -> 0 | AO43: =SUMIF($D$7:$D$84,AL43,$L$7:$L$84) -> 0 | AP43: =SUMIF($D$7:$D$84,AL43,$M$7:$M$84) -> 0 | AQ43: =SUMIF($D$7:$D$84,AL43,$N$7:$N$84) -> 0 | AR43: =SUMIF($D$7:$D$84,AL43,$O$7:$O$84) -> 0 | AS43: =SUMIF($D$7:$D$84,AL43,$P$7:$P$84) -> 0 | AT43: =SUMIF($D$7:$D$84,AL43,$Q$7:$Q$84) -> 0 | AU43: =SUMIF($D$7:$D$84,AL43,$R$7:$R$84) -> 0 | AV43: =SUMIF($D$7:$D$84,AL43,$S$7:$S$84) -> 0 | AW43: =SUMIF($D$7:$D$84,AL43,$T$7:$T$84) -> 0 | AX43: =SUMIF($D$7:$D$84,AL43,$U$7:$U$84) -> 0 | AY43: =SUMIF($D$7:$D$84,AL43,$V$7:$V$84) -> 0 | AZ43: =SUMIF($D$7:$D$84,AL43,$W$7:$W$84) -> 0 | BA43: =SUMIF($D$7:$D$84,AL43,$X$7:$X$84) -> 0 | BB43: =SUMIF($D$7:$D$84,AL43,$Y$7:$Y$84) -> 0 | BC43: =SUMIF($D$7:$D$84,AL43,$Z$7:$Z$84) -> 0 | BD43: =SUMIF($D$7:$D$84,AL43,$AA$7:$AA$84) -> 0 | BE43: =SUMIF($D$7:$D$84,AL43,$AB$7:$AB$84) -> 0 | BF43: =SUM(AM43:BE43) -> 0
G44: =SUM(J44:AA44) -> 0 | H44: =AC44+G44 -> 0 | I44: =IFERROR(G44/H44,"0") -> 0 | AG44: L12-20PT-3DM | AH44: =SUMIF($D$7:$D$84,AG44,$H$7:$H$84) -> 0 | AI44: =SUMIF($D$7:$D$84,AG44,$G$7:$G$84) -> 0 | AJ44: =IFERROR(AI44*100/AH44,"0") -> 0 | AL44: L12-80PT-4 | AM44: =SUMIF($D$7:$D$84,AL44,$J$7:$J$84) -> 0 | AN44: =SUMIF($D$7:$D$84,AL44,$K$7:$K$84) -> 0 | AO44: =SUMIF($D$7:$D$84,AL44,$L$7:$L$84) -> 0 | AP44: =SUMIF($D$7:$D$84,AL44,$M$7:$M$84) -> 0 | AQ44: =SUMIF($D$7:$D$84,AL44,$N$7:$N$84) -> 0 | AR44: =SUMIF($D$7:$D$84,AL44,$O$7:$O$84) -> 0 | AS44: =SUMIF($D$7:$D$84,AL44,$P$7:$P$84) -> 0 | AT44: =SUMIF($D$7:$D$84,AL44,$Q$7:$Q$84) -> 0 | AU44: =SUMIF($D$7:$D$84,AL44,$R$7:$R$84) -> 0 | AV44: =SUMIF($D$7:$D$84,AL44,$S$7:$S$84) -> 0 | AW44: =SUMIF($D$7:$D$84,AL44,$T$7:$T$84) -> 0 | AX44: =SUMIF($D$7:$D$84,AL44,$U$7:$U$84) -> 0 | AY44: =SUMIF($D$7:$D$84,AL44,$V$7:$V$84) -> 0 | AZ44: =SUMIF($D$7:$D$84,AL44,$W$7:$W$84) -> 0 | BA44: =SUMIF($D$7:$D$84,AL44,$X$7:$X$84) -> 0 | BB44: =SUMIF($D$7:$D$84,AL44,$Y$7:$Y$84) -> 0 | BC44: =SUMIF($D$7:$D$84,AL44,$Z$7:$Z$84) -> 0 | BD44: =SUMIF($D$7:$D$84,AL44,$AA$7:$AA$84) -> 0 | BE44: =SUMIF($D$7:$D$84,AL44,$AB$7:$AB$84) -> 0 | BF44: =SUM(AM44:BE44) -> 0
G45: =SUM(J45:AA45) -> 0 | H45: =AC45+G45 -> 0 | I45: =IFERROR(G45/H45,"0") -> 0 | AG45: 12Lf-35F-27 | AH45: =SUMIF($D$7:$D$84,AG45,$H$7:$H$84) -> 15 | AI45: =SUMIF($D$7:$D$84,AG45,$G$7:$G$84) -> 0 | AJ45: =IFERROR(AI45*100/AH45,"0") -> 0 | AL45: L12-80F-4 | AM45: =SUMIF($D$7:$D$84,AL45,$J$7:$J$84) -> 0 | AN45: =SUMIF($D$7:$D$84,AL45,$K$7:$K$84) -> 0 | AO45: =SUMIF($D$7:$D$84,AL45,$L$7:$L$84) -> 0 | AP45: =SUMIF($D$7:$D$84,AL45,$M$7:$M$84) -> 0 | AQ45: =SUMIF($D$7:$D$84,AL45,$N$7:$N$84) -> 0 | AR45: =SUMIF($D$7:$D$84,AL45,$O$7:$O$84) -> 0 | AS45: =SUMIF($D$7:$D$84,AL45,$P$7:$P$84) -> 0 | AT45: =SUMIF($D$7:$D$84,AL45,$Q$7:$Q$84) -> 0 | AU45: =SUMIF($D$7:$D$84,AL45,$R$7:$R$84) -> 6 | AV45: =SUMIF($D$7:$D$84,AL45,$S$7:$S$84) -> 0 | AW45: =SUMIF($D$7:$D$84,AL45,$T$7:$T$84) -> 0 | AX45: =SUMIF($D$7:$D$84,AL45,$U$7:$U$84) -> 0 | AY45: =SUMIF($D$7:$D$84,AL45,$V$7:$V$84) -> 0 | AZ45: =SUMIF($D$7:$D$84,AL45,$W$7:$W$84) -> 0 | BA45: =SUMIF($D$7:$D$84,AL45,$X$7:$X$84) -> 0 | BB45: =SUMIF($D$7:$D$84,AL45,$Y$7:$Y$84) -> 0 | BC45: =SUMIF($D$7:$D$84,AL45,$Z$7:$Z$84) -> 0 | BD45: =SUMIF($D$7:$D$84,AL45,$AA$7:$AA$84) -> 0 | BE45: =SUMIF($D$7:$D$84,AL45,$AB$7:$AB$84) -> 0 | BF45: =SUM(AM45:BE45) -> 6
G46: =SUM(J46:AA46) -> 0 | H46: =AC46+G46 -> 0 | I46: =IFERROR(G46/H46,"0") -> 0 | AG46: 12Lf-100F-27 | AH46: =SUMIF($D$7:$D$84,AG46,$H$7:$H$84) -> 0 | AI46: =SUMIF($D$7:$D$84,AG46,$G$7:$G$84) -> 0 | AJ46: =IFERROR(AI46*100/AH46,"0") -> 0 | AL46: L12-80F-4_AM | AM46: =SUMIF($D$7:$D$84,AL46,$J$7:$J$84) -> 0 | AN46: =SUMIF($D$7:$D$84,AL46,$K$7:$K$84) -> 0 | AO46: =SUMIF($D$7:$D$84,AL46,$L$7:$L$84) -> 0 | AP46: =SUMIF($D$7:$D$84,AL46,$M$7:$M$84) -> 0 | AQ46: =SUMIF($D$7:$D$84,AL46,$N$7:$N$84) -> 0 | AR46: =SUMIF($D$7:$D$84,AL46,$O$7:$O$84) -> 0 | AS46: =SUMIF($D$7:$D$84,AL46,$P$7:$P$84) -> 0 | AT46: =SUMIF($D$7:$D$84,AL46,$Q$7:$Q$84) -> 0 | AU46: =SUMIF($D$7:$D$84,AL46,$R$7:$R$84) -> 0 | AV46: =SUMIF($D$7:$D$84,AL46,$S$7:$S$84) -> 0 | AW46: =SUMIF($D$7:$D$84,AL46,$T$7:$T$84) -> 0 | AX46: =SUMIF($D$7:$D$84,AL46,$U$7:$U$84) -> 0 | AY46: =SUMIF($D$7:$D$84,AL46,$V$7:$V$84) -> 0 | AZ46: =SUMIF($D$7:$D$84,AL46,$W$7:$W$84) -> 0 | BA46: =SUMIF($D$7:$D$84,AL46,$X$7:$X$84) -> 0 | BB46: =SUMIF($D$7:$D$84,AL46,$Y$7:$Y$84) -> 0 | BC46: =SUMIF($D$7:$D$84,AL46,$Z$7:$Z$84) -> 0 | BD46: =SUMIF($D$7:$D$84,AL46,$AA$7:$AA$84) -> 0 | BE46: =SUMIF($D$7:$D$84,AL46,$AB$7:$AB$84) -> 0 | BF46: =SUM(AM46:BE46) -> 0
G47: =SUM(J47:AA47) -> 0 | H47: =AC47+G47 -> 0 | I47: =IFERROR(G47/H47,"0") -> 0 | AG47: 12Lf-55F-27 | AH47: =SUMIF($D$7:$D$84,AG47,$H$7:$H$84) -> 10 | AI47: =SUMIF($D$7:$D$84,AG47,$G$7:$G$84) -> 0 | AJ47: =IFERROR(AI47*100/AH47,"0") -> 0 | AL47: L12-20PT-6 | AM47: =SUMIF($D$7:$D$84,AL47,$J$7:$J$84) -> 0 | AN47: =SUMIF($D$7:$D$84,AL47,$K$7:$K$84) -> 0 | AO47: =SUMIF($D$7:$D$84,AL47,$L$7:$L$84) -> 0 | AP47: =SUMIF($D$7:$D$84,AL47,$M$7:$M$84) -> 0 | AQ47: =SUMIF($D$7:$D$84,AL47,$N$7:$N$84) -> 0 | AR47: =SUMIF($D$7:$D$84,AL47,$O$7:$O$84) -> 0 | AS47: =SUMIF($D$7:$D$84,AL47,$P$7:$P$84) -> 0 | AT47: =SUMIF($D$7:$D$84,AL47,$Q$7:$Q$84) -> 0 | AU47: =SUMIF($D$7:$D$84,AL47,$R$7:$R$84) -> 0 | AV47: =SUMIF($D$7:$D$84,AL47,$S$7:$S$84) -> 0 | AW47: =SUMIF($D$7:$D$84,AL47,$T$7:$T$84) -> 0 | AX47: =SUMIF($D$7:$D$84,AL47,$U$7:$U$84) -> 0 | AY47: =SUMIF($D$7:$D$84,AL47,$V$7:$V$84) -> 0 | AZ47: =SUMIF($D$7:$D$84,AL47,$W$7:$W$84) -> 0 | BA47: =SUMIF($D$7:$D$84,AL47,$X$7:$X$84) -> 0 | BB47: =SUMIF($D$7:$D$84,AL47,$Y$7:$Y$84) -> 0 | BC47: =SUMIF($D$7:$D$84,AL47,$Z$7:$Z$84) -> 0 | BD47: =SUMIF($D$7:$D$84,AL47,$AA$7:$AA$84) -> 0 | BE47: =SUMIF($D$7:$D$84,AL47,$AB$7:$AB$84) -> 0 | BF47: =SUM(AM47:BE47) -> 0
G48: =SUM(J48:AA48) -> 0 | H48: =AC48+G48 -> 0 | I48: =IFERROR(G48/H48,"0") -> 0 | AG48: 12Lf-75F-27 | AH48: =SUMIF($D$7:$D$84,AG48,$H$7:$H$84) -> 0 | AI48: =SUMIF($D$7:$D$84,AG48,$G$7:$G$84) -> 0 | AJ48: =IFERROR(AI48*100/AH48,"0") -> 0 | AL48: L12-20F-6 | AM48: =SUMIF($D$7:$D$84,AL48,$J$7:$J$84) -> 0 | AN48: =SUMIF($D$7:$D$84,AL48,$K$7:$K$84) -> 0 | AO48: =SUMIF($D$7:$D$84,AL48,$L$7:$L$84) -> 0 | AP48: =SUMIF($D$7:$D$84,AL48,$M$7:$M$84) -> 0 | AQ48: =SUMIF($D$7:$D$84,AL48,$N$7:$N$84) -> 0 | AR48: =SUMIF($D$7:$D$84,AL48,$O$7:$O$84) -> 0 | AS48: =SUMIF($D$7:$D$84,AL48,$P$7:$P$84) -> 0 | AT48: =SUMIF($D$7:$D$84,AL48,$Q$7:$Q$84) -> 0 | AU48: =SUMIF($D$7:$D$84,AL48,$R$7:$R$84) -> 0 | AV48: =SUMIF($D$7:$D$84,AL48,$S$7:$S$84) -> 0 | AW48: =SUMIF($D$7:$D$84,AL48,$T$7:$T$84) -> 0 | AX48: =SUMIF($D$7:$D$84,AL48,$U$7:$U$84) -> 0 | AY48: =SUMIF($D$7:$D$84,AL48,$V$7:$V$84) -> 0 | AZ48: =SUMIF($D$7:$D$84,AL48,$W$7:$W$84) -> 0 | BA48: =SUMIF($D$7:$D$84,AL48,$X$7:$X$84) -> 0 | BB48: =SUMIF($D$7:$D$84,AL48,$Y$7:$Y$84) -> 0 | BC48: =SUMIF($D$7:$D$84,AL48,$Z$7:$Z$84) -> 0 | BD48: =SUMIF($D$7:$D$84,AL48,$AA$7:$AA$84) -> 0 | BE48: =SUMIF($D$7:$D$84,AL48,$AB$7:$AB$84) -> 0 | BF48: =SUM(AM48:BE48) -> 0
G49: =SUM(J49:AA49) -> 0 | H49: =AC49+G49 -> 0 | I49: =IFERROR(G49/H49,"0") -> 0 | AG49: 12Lf-20F-27 | AH49: =SUMIF($D$7:$D$84,AG49,$H$7:$H$84) -> 30 | AI49: =SUMIF($D$7:$D$84,AG49,$G$7:$G$84) -> 0 | AJ49: =IFERROR(AI49*100/AH49,"0") -> 0 | AL49: L12-30PT-6 | AM49: =SUMIF($D$7:$D$84,AL49,$J$7:$J$84) -> 0 | AN49: =SUMIF($D$7:$D$84,AL49,$K$7:$K$84) -> 0 | AO49: =SUMIF($D$7:$D$84,AL49,$L$7:$L$84) -> 0 | AP49: =SUMIF($D$7:$D$84,AL49,$M$7:$M$84) -> 0 | AQ49: =SUMIF($D$7:$D$84,AL49,$N$7:$N$84) -> 0 | AR49: =SUMIF($D$7:$D$84,AL49,$O$7:$O$84) -> 0 | AS49: =SUMIF($D$7:$D$84,AL49,$P$7:$P$84) -> 0 | AT49: =SUMIF($D$7:$D$84,AL49,$Q$7:$Q$84) -> 0 | AU49: =SUMIF($D$7:$D$84,AL49,$R$7:$R$84) -> 0 | AV49: =SUMIF($D$7:$D$84,AL49,$S$7:$S$84) -> 0 | AW49: =SUMIF($D$7:$D$84,AL49,$T$7:$T$84) -> 0 | AX49: =SUMIF($D$7:$D$84,AL49,$U$7:$U$84) -> 0 | AY49: =SUMIF($D$7:$D$84,AL49,$V$7:$V$84) -> 0 | AZ49: =SUMIF($D$7:$D$84,AL49,$W$7:$W$84) -> 0 | BA49: =SUMIF($D$7:$D$84,AL49,$X$7:$X$84) -> 0 | BB49: =SUMIF($D$7:$D$84,AL49,$Y$7:$Y$84) -> 0 | BC49: =SUMIF($D$7:$D$84,AL49,$Z$7:$Z$84) -> 0 | BD49: =SUMIF($D$7:$D$84,AL49,$AA$7:$AA$84) -> 0 | BE49: =SUMIF($D$7:$D$84,AL49,$AB$7:$AB$84) -> 0 | BF49: =SUM(AM49:BE49) -> 0
G50: =SUM(J50:AA50) -> 0 | H50: =AC50+G50 -> 0 | I50: =IFERROR(G50/H50,"0") -> 0 | AG50: 12Df-6F-27 | AH50: =SUMIF($D$7:$D$84,AG50,$H$7:$H$84) -> 0 | AI50: =SUMIF($D$7:$D$84,AG50,$G$7:$G$84) -> 0 | AJ50: =IFERROR(AI50*100/AH50,"0") -> 0 | AL50: L12-30F-6 | AM50: =SUMIF($D$7:$D$84,AL50,$J$7:$J$84) -> 0 | AN50: =SUMIF($D$7:$D$84,AL50,$K$7:$K$84) -> 0 | AO50: =SUMIF($D$7:$D$84,AL50,$L$7:$L$84) -> 0 | AP50: =SUMIF($D$7:$D$84,AL50,$M$7:$M$84) -> 0 | AQ50: =SUMIF($D$7:$D$84,AL50,$N$7:$N$84) -> 0 | AR50: =SUMIF($D$7:$D$84,AL50,$O$7:$O$84) -> 0 | AS50: =SUMIF($D$7:$D$84,AL50,$P$7:$P$84) -> 0 | AT50: =SUMIF($D$7:$D$84,AL50,$Q$7:$Q$84) -> 0 | AU50: =SUMIF($D$7:$D$84,AL50,$R$7:$R$84) -> 0 | AV50: =SUMIF($D$7:$D$84,AL50,$S$7:$S$84) -> 0 | AW50: =SUMIF($D$7:$D$84,AL50,$T$7:$T$84) -> 0 | AX50: =SUMIF($D$7:$D$84,AL50,$U$7:$U$84) -> 0 | AY50: =SUMIF($D$7:$D$84,AL50,$V$7:$V$84) -> 0 | AZ50: =SUMIF($D$7:$D$84,AL50,$W$7:$W$84) -> 0 | BA50: =SUMIF($D$7:$D$84,AL50,$X$7:$X$84) -> 0 | BB50: =SUMIF($D$7:$D$84,AL50,$Y$7:$Y$84) -> 0 | BC50: =SUMIF($D$7:$D$84,AL50,$Z$7:$Z$84) -> 0 | BD50: =SUMIF($D$7:$D$84,AL50,$AA$7:$AA$84) -> 0 | BE50: =SUMIF($D$7:$D$84,AL50,$AB$7:$AB$84) -> 0 | BF50: =SUM(AM50:BE50) -> 0
G51: =SUM(J51:AA51) -> 0 | H51: =AC51+G51 -> 0 | I51: =IFERROR(G51/H51,"0") -> 0 | AG51: 12Df-12F-27 | AH51: =SUMIF($D$7:$D$84,AG51,$H$7:$H$84) -> 0 | AI51: =SUMIF($D$7:$D$84,AG51,$G$7:$G$84) -> 0 | AJ51: =IFERROR(AI51*100/AH51,"0") -> 0 | AL51: L12-50PT-6 | AM51: =SUMIF($D$7:$D$84,AL51,$J$7:$J$84) -> 0 | AN51: =SUMIF($D$7:$D$84,AL51,$K$7:$K$84) -> 0 | AO51: =SUMIF($D$7:$D$84,AL51,$L$7:$L$84) -> 0 | AP51: =SUMIF($D$7:$D$84,AL51,$M$7:$M$84) -> 0 | AQ51: =SUMIF($D$7:$D$84,AL51,$N$7:$N$84) -> 0 | AR51: =SUMIF($D$7:$D$84,AL51,$O$7:$O$84) -> 0 | AS51: =SUMIF($D$7:$D$84,AL51,$P$7:$P$84) -> 0 | AT51: =SUMIF($D$7:$D$84,AL51,$Q$7:$Q$84) -> 0 | AU51: =SUMIF($D$7:$D$84,AL51,$R$7:$R$84) -> 0 | AV51: =SUMIF($D$7:$D$84,AL51,$S$7:$S$84) -> 0 | AW51: =SUMIF($D$7:$D$84,AL51,$T$7:$T$84) -> 0 | AX51: =SUMIF($D$7:$D$84,AL51,$U$7:$U$84) -> 0 | AY51: =SUMIF($D$7:$D$84,AL51,$V$7:$V$84) -> 0 | AZ51: =SUMIF($D$7:$D$84,AL51,$W$7:$W$84) -> 0 | BA51: =SUMIF($D$7:$D$84,AL51,$X$7:$X$84) -> 0 | BB51: =SUMIF($D$7:$D$84,AL51,$Y$7:$Y$84) -> 0 | BC51: =SUMIF($D$7:$D$84,AL51,$Z$7:$Z$84) -> 0 | BD51: =SUMIF($D$7:$D$84,AL51,$AA$7:$AA$84) -> 0 | BE51: =SUMIF($D$7:$D$84,AL51,$AB$7:$AB$84) -> 0 | BF51: =SUM(AM51:BE51) -> 0
... G84: =SUM(J84:AA84) -> 0 | H84: =AC84+G84 -> 0 | I84: =IFERROR(G84/H84,"0") -> 0 | AG84: L12-80F-4 | AH84: =SUMIF($D$7:$D$84,AG84,$H$7:$H$84) -> 56 | AI84: =SUMIF($D$7:$D$84,AG84,$G$7:$G$84) -> 6 | AJ84: =IFERROR(AI84*100/AH84,"0") -> 10.714286 | AL84: L7-50F-10 | AM84: =SUMIF($D$7:$D$84,AL84,$J$7:$J$84) -> 0 | AN84: =SUMIF($D$7:$D$84,AL84,$K$7:$K$84) -> 0 | AO84: =SUMIF($D$7:$D$84,AL84,$L$7:$L$84) -> 0 | AP84: =SUMIF($D$7:$D$84,AL84,$M$7:$M$84) -> 0 | AQ84: =SUMIF($D$7:$D$84,AL84,$N$7:$N$84) -> 0 | AR84: =SUMIF($D$7:$D$84,AL84,$O$7:$O$84) -> 0 | AS84: =SUMIF($D$7:$D$84,AL84,$P$7:$P$84) -> 0 | AT84: =SUMIF($D$7:$D$84,AL84,$Q$7:$Q$84) -> 0 | AU84: =SUMIF($D$7:$D$84,AL84,$R$7:$R$84) -> 0 | AV84: =SUMIF($D$7:$D$84,AL84,$S$7:$S$84) -> 0 | AW84: =SUMIF($D$7:$D$84,AL84,$T$7:$T$84) -> 0 | AX84: =SUMIF($D$7:$D$84,AL84,$U$7:$U$84) -> 0 | AY84: =SUMIF($D$7:$D$84,AL84,$V$7:$V$84) -> 0 | AZ84: =SUMIF($D$7:$D$84,AL84,$W$7:$W$84) -> 0 | BA84: =SUMIF($D$7:$D$84,AL84,$X$7:$X$84) -> 0 | BB84: =SUMIF($D$7:$D$84,AL84,$Y$7:$Y$84) -> 0 | BC84: =SUMIF($D$7:$D$84,AL84,$Z$7:$Z$84) -> 0 | BD84: =SUMIF($D$7:$D$84,AL84,$AA$7:$AA$84) -> 0 | BE84: =SUMIF($D$7:$D$84,AL84,$AB$7:$AB$84) -> 0 | BF84: =SUM(AM84:BE84) -> 0
B85: =IFERROR(VLOOKUP(D85,#REF!,7,0),"") | C85: =IFERROR(VLOOKUP(D85,#REF!,6,0),"") | G85: =SUM(G7:G84) -> 15 | H85: =SUM(H7:H84) -> 548 | I85: =IFERROR((G85*100/H85),"0") -> 2.7372263 | J85: =SUM(J7:J84) -> 0 | K85: =SUM(K7:K84) -> 1 | L85: =SUM(L7:L84) -> 1 | M85: =SUM(M7:M84) -> 0 | N85: =SUM(N7:N84) -> 0 | O85: =SUM(O7:O84) -> 0 | P85: =SUM(P7:P84) -> 0 | Q85: =SUM(Q7:Q84) -> 0 | ... AB85: =SUM(AB7:AB84) -> 1 | AG85: L12-80F-4_AM | AH85: =SUMIF($D$7:$D$84,AG85,$H$7:$H$84) -> 0 | AI85: =SUMIF($D$7:$D$84,AG85,$G$7:$G$84) -> 0 | AJ85: =IFERROR(AI85*100/AH85,"0") -> 0 | AL85: L7-80PT-10 | AM85: =SUMIF($D$7:$D$84,AL85,$J$7:$J$84) -> 0 | AN85: =SUMIF($D$7:$D$84,AL85,$K$7:$K$84) -> 0 | AO85: =SUMIF($D$7:$D$84,AL85,$L$7:$L$84) -> 0 | AP85: =SUMIF($D$7:$D$84,AL85,$M$7:$M$84) -> 0 | AQ85: =SUMIF($D$7:$D$84,AL85,$N$7:$N$84) -> 0 | AR85: =SUMIF($D$7:$D$84,AL85,$O$7:$O$84) -> 0 | AS85: =SUMIF($D$7:$D$84,AL85,$P$7:$P$84) -> 0 | AT85: =SUMIF($D$7:$D$84,AL85,$Q$7:$Q$84) -> 0 | AU85: =SUMIF($D$7:$D$84,AL85,$R$7:$R$84) -> 0 | AV85: =SUMIF($D$7:$D$84,AL85,$S$7:$S$84) -> 0 | AW85: =SUMIF($D$7:$D$84,AL85,$T$7:$T$84) -> 0 | AX85: =SUMIF($D$7:$D$84,AL85,$U$7:$U$84) -> 0 | AY85: =SUMIF($D$7:$D$84,AL85,$V$7:$V$84) -> 0 | AZ85: =SUMIF($D$7:$D$84,AL85,$W$7:$W$84) -> 0 | BA85: =SUMIF($D$7:$D$84,AL85,$X$7:$X$84) -> 0 | BB85: =SUMIF($D$7:$D$84,AL85,$Y$7:$Y$84) -> 0 | BC85: =SUMIF($D$7:$D$84,AL85,$Z$7:$Z$84) -> 0 | BD85: =SUMIF($D$7:$D$84,AL85,$AA$7:$AA$84) -> 0 | BE85: =SUMIF($D$7:$D$84,AL85,$AB$7:$AB$84) -> 0 | BF85: =SUM(AM85:BE85) -> 0
AG86: L12-20PT-6 | AH86: =SUMIF($D$7:$D$84,AG86,$H$7:$H$84) -> 0 | AI86: =SUMIF($D$7:$D$84,AG86,$G$7:$G$84) -> 0 | AJ86: =IFERROR(AI86*100/AH86,"0") -> 0 | AL86: L7-80F-10 | AM86: =SUMIF($D$7:$D$84,AL86,$J$7:$J$84) -> 0 | AN86: =SUMIF($D$7:$D$84,AL86,$K$7:$K$84) -> 0 | AO86: =SUMIF($D$7:$D$84,AL86,$L$7:$L$84) -> 0 | AP86: =SUMIF($D$7:$D$84,AL86,$M$7:$M$84) -> 0 | AQ86: =SUMIF($D$7:$D$84,AL86,$N$7:$N$84) -> 0 | AR86: =SUMIF($D$7:$D$84,AL86,$O$7:$O$84) -> 0 | AS86: =SUMIF($D$7:$D$84,AL86,$P$7:$P$84) -> 0 | AT86: =SUMIF($D$7:$D$84,AL86,$Q$7:$Q$84) -> 0 | AU86: =SUMIF($D$7:$D$84,AL86,$R$7:$R$84) -> 0 | AV86: =SUMIF($D$7:$D$84,AL86,$S$7:$S$84) -> 0 | AW86: =SUMIF($D$7:$D$84,AL86,$T$7:$T$84) -> 0 | AX86: =SUMIF($D$7:$D$84,AL86,$U$7:$U$84) -> 0 | AY86: =SUMIF($D$7:$D$84,AL86,$V$7:$V$84) -> 0 | AZ86: =SUMIF($D$7:$D$84,AL86,$W$7:$W$84) -> 0 | BA86: =SUMIF($D$7:$D$84,AL86,$X$7:$X$84) -> 0 | BB86: =SUMIF($D$7:$D$84,AL86,$Y$7:$Y$84) -> 0 | BC86: =SUMIF($D$7:$D$84,AL86,$Z$7:$Z$84) -> 0 | BD86: =SUMIF($D$7:$D$84,AL86,$AA$7:$AA$84) -> 0 | BE86: =SUMIF($D$7:$D$84,AL86,$AB$7:$AB$84) -> 0 | BF86: =SUM(AM86:BE86) -> 0
AA87: LOT 수 | AB87: =COUNTA(AD7:AD84) -> 5 | AG87: L12-20F-6 | AH87: =SUMIF($D$7:$D$84,AG87,$H$7:$H$84) -> 0 | AI87: =SUMIF($D$7:$D$84,AG87,$G$7:$G$84) -> 0 | AJ87: =IFERROR(AI87*100/AH87,"0") -> 0 | AL87: L12-20PT-3EL | AM87: =SUMIF($D$7:$D$84,AL87,$J$7:$J$84) -> 0 | AN87: =SUMIF($D$7:$D$84,AL87,$K$7:$K$84) -> 0 | AO87: =SUMIF($D$7:$D$84,AL87,$L$7:$L$84) -> 0 | AP87: =SUMIF($D$7:$D$84,AL87,$M$7:$M$84) -> 0 | AQ87: =SUMIF($D$7:$D$84,AL87,$N$7:$N$84) -> 0 | AR87: =SUMIF($D$7:$D$84,AL87,$O$7:$O$84) -> 0 | AS87: =SUMIF($D$7:$D$84,AL87,$P$7:$P$84) -> 0 | AT87: =SUMIF($D$7:$D$84,AL87,$Q$7:$Q$84) -> 0 | AU87: =SUMIF($D$7:$D$84,AL87,$R$7:$R$84) -> 0 | AV87: =SUMIF($D$7:$D$84,AL87,$S$7:$S$84) -> 0 | AW87: =SUMIF($D$7:$D$84,AL87,$T$7:$T$84) -> 0 | AX87: =SUMIF($D$7:$D$84,AL87,$U$7:$U$84) -> 0 | AY87: =SUMIF($D$7:$D$84,AL87,$V$7:$V$84) -> 0 | AZ87: =SUMIF($D$7:$D$84,AL87,$W$7:$W$84) -> 0 | BA87: =SUMIF($D$7:$D$84,AL87,$X$7:$X$84) -> 0 | BB87: =SUMIF($D$7:$D$84,AL87,$Y$7:$Y$84) -> 0 | BC87: =SUMIF($D$7:$D$84,AL87,$Z$7:$Z$84) -> 0 | BD87: =SUMIF($D$7:$D$84,AL87,$AA$7:$AA$84) -> 0 | BE87: =SUMIF($D$7:$D$84,AL87,$AB$7:$AB$84) -> 0 | BF87: =SUM(AM87:BE87) -> 0
AA88: 합격 | AB88: =COUNTIF(AD7:AD84,"OK") -> 0 | AG88: L12-30PT-6 | AH88: =SUMIF($D$7:$D$84,AG88,$H$7:$H$84) -> 0 | AI88: =SUMIF($D$7:$D$84,AG88,$G$7:$G$84) -> 0 | AJ88: =IFERROR(AI88*100/AH88,"0") -> 0 | AL88: IRS-420R | AM88: =SUMIF($D$7:$D$84,AL88,$J$7:$J$84) -> 0 | AN88: =SUMIF($D$7:$D$84,AL88,$K$7:$K$84) -> 0 | AO88: =SUMIF($D$7:$D$84,AL88,$L$7:$L$84) -> 0 | AP88: =SUMIF($D$7:$D$84,AL88,$M$7:$M$84) -> 0 | AQ88: =SUMIF($D$7:$D$84,AL88,$N$7:$N$84) -> 0 | AR88: =SUMIF($D$7:$D$84,AL88,$O$7:$O$84) -> 0 | AS88: =SUMIF($D$7:$D$84,AL88,$P$7:$P$84) -> 0 | AT88: =SUMIF($D$7:$D$84,AL88,$Q$7:$Q$84) -> 0 | AU88: =SUMIF($D$7:$D$84,AL88,$R$7:$R$84) -> 0 | AV88: =SUMIF($D$7:$D$84,AL88,$S$7:$S$84) -> 0 | AW88: =SUMIF($D$7:$D$84,AL88,$T$7:$T$84) -> 0 | AX88: =SUMIF($D$7:$D$84,AL88,$U$7:$U$84) -> 0 | AY88: =SUMIF($D$7:$D$84,AL88,$V$7:$V$84) -> 0 | AZ88: =SUMIF($D$7:$D$84,AL88,$W$7:$W$84) -> 0 | BA88: =SUMIF($D$7:$D$84,AL88,$X$7:$X$84) -> 0 | BB88: =SUMIF($D$7:$D$84,AL88,$Y$7:$Y$84) -> 0 | BC88: =SUMIF($D$7:$D$84,AL88,$Z$7:$Z$84) -> 0 | BD88: =SUMIF($D$7:$D$84,AL88,$AA$7:$AA$84) -> 0 | BE88: =SUMIF($D$7:$D$84,AL88,$AB$7:$AB$84) -> 0 | BF88: =SUM(AM88:BE88) -> 0
AA89: 불합격 | AB89: =COUNTIF(AD7:AD84,"NG") -> 0 | AG89: L12-30F-6 | AH89: =SUMIF($D$7:$D$84,AG89,$H$7:$H$84) -> 0 | AI89: =SUMIF($D$7:$D$84,AG89,$G$7:$G$84) -> 0 | AJ89: =IFERROR(AI89*100/AH89,"0") -> 0 | AL89: IRS-1010 | AM89: =SUMIF($D$7:$D$84,AL89,$J$7:$J$84) -> 0 | AN89: =SUMIF($D$7:$D$84,AL89,$K$7:$K$84) -> 0 | AO89: =SUMIF($D$7:$D$84,AL89,$L$7:$L$84) -> 0 | AP89: =SUMIF($D$7:$D$84,AL89,$M$7:$M$84) -> 0 | AQ89: =SUMIF($D$7:$D$84,AL89,$N$7:$N$84) -> 0 | AR89: =SUMIF($D$7:$D$84,AL89,$O$7:$O$84) -> 0 | AS89: =SUMIF($D$7:$D$84,AL89,$P$7:$P$84) -> 0 | AT89: =SUMIF($D$7:$D$84,AL89,$Q$7:$Q$84) -> 0 | AU89: =SUMIF($D$7:$D$84,AL89,$R$7:$R$84) -> 0 | AV89: =SUMIF($D$7:$D$84,AL89,$S$7:$S$84) -> 0 | AW89: =SUMIF($D$7:$D$84,AL89,$T$7:$T$84) -> 0 | AX89: =SUMIF($D$7:$D$84,AL89,$U$7:$U$84) -> 0 | AY89: =SUMIF($D$7:$D$84,AL89,$V$7:$V$84) -> 0 | AZ89: =SUMIF($D$7:$D$84,AL89,$W$7:$W$84) -> 0 | BA89: =SUMIF($D$7:$D$84,AL89,$X$7:$X$84) -> 0 | BB89: =SUMIF($D$7:$D$84,AL89,$Y$7:$Y$84) -> 0 | BC89: =SUMIF($D$7:$D$84,AL89,$Z$7:$Z$84) -> 0 | BD89: =SUMIF($D$7:$D$84,AL89,$AA$7:$AA$84) -> 0 | BE89: =SUMIF($D$7:$D$84,AL89,$AB$7:$AB$84) -> 0 | BF89: =SUM(AM89:BE89) -> 0
AA90: 불합격율 | AB90: =IFERROR(AB89/AB87*100,"0") -> 0 | AG90: L12-50PT-6 | AH90: =SUMIF($D$7:$D$84,AG90,$H$7:$H$84) -> 0 | AI90: =SUMIF($D$7:$D$84,AG90,$G$7:$G$84) -> 0 | AJ90: =IFERROR(AI90*100/AH90,"0") -> 0 | AL90: IRS-420M | AM90: =SUMIF($D$7:$D$84,AL90,$J$7:$J$84) -> 0 | AN90: =SUMIF($D$7:$D$84,AL90,$K$7:$K$84) -> 0 | AO90: =SUMIF($D$7:$D$84,AL90,$L$7:$L$84) -> 0 | AP90: =SUMIF($D$7:$D$84,AL90,$M$7:$M$84) -> 0 | AQ90: =SUMIF($D$7:$D$84,AL90,$N$7:$N$84) -> 0 | AR90: =SUMIF($D$7:$D$84,AL90,$O$7:$O$84) -> 0 | AS90: =SUMIF($D$7:$D$84,AL90,$P$7:$P$84) -> 0 | AT90: =SUMIF($D$7:$D$84,AL90,$Q$7:$Q$84) -> 0 | AU90: =SUMIF($D$7:$D$84,AL90,$R$7:$R$84) -> 0 | AV90: =SUMIF($D$7:$D$84,AL90,$S$7:$S$84) -> 0 | AW90: =SUMIF($D$7:$D$84,AL90,$T$7:$T$84) -> 0 | AX90: =SUMIF($D$7:$D$84,AL90,$U$7:$U$84) -> 0 | AY90: =SUMIF($D$7:$D$84,AL90,$V$7:$V$84) -> 0 | AZ90: =SUMIF($D$7:$D$84,AL90,$W$7:$W$84) -> 0 | BA90: =SUMIF($D$7:$D$84,AL90,$X$7:$X$84) -> 0 | BB90: =SUMIF($D$7:$D$84,AL90,$Y$7:$Y$84) -> 0 | BC90: =SUMIF($D$7:$D$84,AL90,$Z$7:$Z$84) -> 0 | BD90: =SUMIF($D$7:$D$84,AL90,$AA$7:$AA$84) -> 0 | BE90: =SUMIF($D$7:$D$84,AL90,$AB$7:$AB$84) -> 0 | BF90: =SUM(AM90:BE90) -> 0
AG91: L12-50F-6 | AH91: =SUMIF($D$7:$D$84,AG91,$H$7:$H$84) -> 0 | AI91: =SUMIF($D$7:$D$84,AG91,$G$7:$G$84) -> 0 | AJ91: =IFERROR(AI91*100/AH91,"0") -> 0 | AL91: IR-STS01 | AM91: =SUMIF($D$7:$D$84,AL91,$J$7:$J$84) -> 0 | AN91: =SUMIF($D$7:$D$84,AL91,$K$7:$K$84) -> 0 | AO91: =SUMIF($D$7:$D$84,AL91,$L$7:$L$84) -> 0 | AP91: =SUMIF($D$7:$D$84,AL91,$M$7:$M$84) -> 0 | AQ91: =SUMIF($D$7:$D$84,AL91,$N$7:$N$84) -> 0 | AR91: =SUMIF($D$7:$D$84,AL91,$O$7:$O$84) -> 0 | AS91: =SUMIF($D$7:$D$84,AL91,$P$7:$P$84) -> 0 | AT91: =SUMIF($D$7:$D$84,AL91,$Q$7:$Q$84) -> 0 | AU91: =SUMIF($D$7:$D$84,AL91,$R$7:$R$84) -> 0 | AV91: =SUMIF($D$7:$D$84,AL91,$S$7:$S$84) -> 0 | AW91: =SUMIF($D$7:$D$84,AL91,$T$7:$T$84) -> 0 | AX91: =SUMIF($D$7:$D$84,AL91,$U$7:$U$84) -> 0 | AY91: =SUMIF($D$7:$D$84,AL91,$V$7:$V$84) -> 0 | AZ91: =SUMIF($D$7:$D$84,AL91,$W$7:$W$84) -> 0 | BA91: =SUMIF($D$7:$D$84,AL91,$X$7:$X$84) -> 0 | BB91: =SUMIF($D$7:$D$84,AL91,$Y$7:$Y$84) -> 0 | BC91: =SUMIF($D$7:$D$84,AL91,$Z$7:$Z$84) -> 0 | BD91: =SUMIF($D$7:$D$84,AL91,$AA$7:$AA$84) -> 0 | BE91: =SUMIF($D$7:$D$84,AL91,$AB$7:$AB$84) -> 0 | BF91: =SUM(AM91:BE91) -> 0
J92: =J6 -> Dead | K92: =K6 -> GC 200 | L92: =L6 -> LED | M92: =M6 -> Noise | N92: =N6 -> Straightness | O92: =O6 -> Speed | P92: =P6 -> Chattering | Q92: =Q6 -> Bounding | ... AB92: =AB6 -> ETC | AG92: L12-80PT-6 | AH92: =SUMIF($D$7:$D$84,AG92,$H$7:$H$84) -> 0 | AI92: =SUMIF($D$7:$D$84,AG92,$G$7:$G$84) -> 0 | AJ92: =IFERROR(AI92*100/AH92,"0") -> 0 | AL92: IR-USB01 | AM92: =SUMIF($D$7:$D$84,AL92,$J$7:$J$84) -> 0 | AN92: =SUMIF($D$7:$D$84,AL92,$K$7:$K$84) -> 0 | AO92: =SUMIF($D$7:$D$84,AL92,$L$7:$L$84) -> 0 | AP92: =SUMIF($D$7:$D$84,AL92,$M$7:$M$84) -> 0 | AQ92: =SUMIF($D$7:$D$84,AL92,$N$7:$N$84) -> 0 | AR92: =SUMIF($D$7:$D$84,AL92,$O$7:$O$84) -> 0 | AS92: =SUMIF($D$7:$D$84,AL92,$P$7:$P$84) -> 0 | AT92: =SUMIF($D$7:$D$84,AL92,$Q$7:$Q$84) -> 0 | AU92: =SUMIF($D$7:$D$84,AL92,$R$7:$R$84) -> 0 | AV92: =SUMIF($D$7:$D$84,AL92,$S$7:$S$84) -> 0 | AW92: =SUMIF($D$7:$D$84,AL92,$T$7:$T$84) -> 0 | AX92: =SUMIF($D$7:$D$84,AL92,$U$7:$U$84) -> 0 | AY92: =SUMIF($D$7:$D$84,AL92,$V$7:$V$84) -> 0 | AZ92: =SUMIF($D$7:$D$84,AL92,$W$7:$W$84) -> 0 | BA92: =SUMIF($D$7:$D$84,AL92,$X$7:$X$84) -> 0 | BB92: =SUMIF($D$7:$D$84,AL92,$Y$7:$Y$84) -> 0 | BC92: =SUMIF($D$7:$D$84,AL92,$Z$7:$Z$84) -> 0 | BD92: =SUMIF($D$7:$D$84,AL92,$AA$7:$AA$84) -> 0 | BE92: =SUMIF($D$7:$D$84,AL92,$AB$7:$AB$84) -> 0 | BF92: =SUM(AM92:BE92) -> 0
J93: =J85 -> 0 | K93: =K85 -> 1 | L93: =L85 -> 1 | M93: =M85 -> 0 | N93: =N85 -> 0 | O93: =O85 -> 0 | P93: =P85 -> 0 | Q93: =Q85 -> 0 | ... AB93: =AB85 -> 1 | AG93: L12-80F-6 | AH93: =SUMIF($D$7:$D$84,AG93,$H$7:$H$84) -> 0 | AI93: =SUMIF($D$7:$D$84,AG93,$G$7:$G$84) -> 0 | AJ93: =IFERROR(AI93*100/AH93,"0") -> 0 | AL93: 12Lf-35F-27 | AM93: =SUMIF($D$7:$D$84,AL93,$J$7:$J$84) -> 0 | AN93: =SUMIF($D$7:$D$84,AL93,$K$7:$K$84) -> 0 | AO93: =SUMIF($D$7:$D$84,AL93,$L$7:$L$84) -> 0 | AP93: =SUMIF($D$7:$D$84,AL93,$M$7:$M$84) -> 0 | AQ93: =SUMIF($D$7:$D$84,AL93,$N$7:$N$84) -> 0 | AR93: =SUMIF($D$7:$D$84,AL93,$O$7:$O$84) -> 0 | AS93: =SUMIF($D$7:$D$84,AL93,$P$7:$P$84) -> 0 | AT93: =SUMIF($D$7:$D$84,AL93,$Q$7:$Q$84) -> 0 | AU93: =SUMIF($D$7:$D$84,AL93,$R$7:$R$84) -> 0 | AV93: =SUMIF($D$7:$D$84,AL93,$S$7:$S$84) -> 0 | AW93: =SUMIF($D$7:$D$84,AL93,$T$7:$T$84) -> 0 | AX93: =SUMIF($D$7:$D$84,AL93,$U$7:$U$84) -> 0 | AY93: =SUMIF($D$7:$D$84,AL93,$V$7:$V$84) -> 0 | AZ93: =SUMIF($D$7:$D$84,AL93,$W$7:$W$84) -> 0 | BA93: =SUMIF($D$7:$D$84,AL93,$X$7:$X$84) -> 0 | BB93: =SUMIF($D$7:$D$84,AL93,$Y$7:$Y$84) -> 0 | BC93: =SUMIF($D$7:$D$84,AL93,$Z$7:$Z$84) -> 0 | BD93: =SUMIF($D$7:$D$84,AL93,$AA$7:$AA$84) -> 0 | BE93: =SUMIF($D$7:$D$84,AL93,$AB$7:$AB$84) -> 0 | BF93: =SUM(AM93:BE93) -> 0
AG94: L7-20PT-4 | AH94: =SUMIF($D$7:$D$84,AG94,$H$7:$H$84) -> 0 | AI94: =SUMIF($D$7:$D$84,AG94,$G$7:$G$84) -> 0 | AJ94: =IFERROR(AI94*100/AH94,"0") -> 0 | AL94: 12Lf-100F-27 | AM94: =SUMIF($D$7:$D$84,AL94,$J$7:$J$84) -> 0 | AN94: =SUMIF($D$7:$D$84,AL94,$K$7:$K$84) -> 0 | AO94: =SUMIF($D$7:$D$84,AL94,$L$7:$L$84) -> 0 | AP94: =SUMIF($D$7:$D$84,AL94,$M$7:$M$84) -> 0 | AQ94: =SUMIF($D$7:$D$84,AL94,$N$7:$N$84) -> 0 | AR94: =SUMIF($D$7:$D$84,AL94,$O$7:$O$84) -> 0 | AS94: =SUMIF($D$7:$D$84,AL94,$P$7:$P$84) -> 0 | AT94: =SUMIF($D$7:$D$84,AL94,$Q$7:$Q$84) -> 0 | AU94: =SUMIF($D$7:$D$84,AL94,$R$7:$R$84) -> 0 | AV94: =SUMIF($D$7:$D$84,AL94,$S$7:$S$84) -> 0 | AW94: =SUMIF($D$7:$D$84,AL94,$T$7:$T$84) -> 0 | AX94: =SUMIF($D$7:$D$84,AL94,$U$7:$U$84) -> 0 | AY94: =SUMIF($D$7:$D$84,AL94,$V$7:$V$84) -> 0 | AZ94: =SUMIF($D$7:$D$84,AL94,$W$7:$W$84) -> 0 | BA94: =SUMIF($D$7:$D$84,AL94,$X$7:$X$84) -> 0 | BB94: =SUMIF($D$7:$D$84,AL94,$Y$7:$Y$84) -> 0 | BC94: =SUMIF($D$7:$D$84,AL94,$Z$7:$Z$84) -> 0 | BD94: =SUMIF($D$7:$D$84,AL94,$AA$7:$AA$84) -> 0 | BE94: =SUMIF($D$7:$D$84,AL94,$AB$7:$AB$84) -> 0 | BF94: =SUM(AM94:BE94) -> 0
AG95: L7-20F-4 | AH95: =SUMIF($D$7:$D$84,AG95,$H$7:$H$84) -> 0 | AI95: =SUMIF($D$7:$D$84,AG95,$G$7:$G$84) -> 0 | AJ95: =IFERROR(AI95*100/AH95,"0") -> 0 | AL95: 12Lf-55F-27 | AM95: =SUMIF($D$7:$D$84,AL95,$J$7:$J$84) -> 0 | AN95: =SUMIF($D$7:$D$84,AL95,$K$7:$K$84) -> 0 | AO95: =SUMIF($D$7:$D$84,AL95,$L$7:$L$84) -> 0 | AP95: =SUMIF($D$7:$D$84,AL95,$M$7:$M$84) -> 0 | AQ95: =SUMIF($D$7:$D$84,AL95,$N$7:$N$84) -> 0 | AR95: =SUMIF($D$7:$D$84,AL95,$O$7:$O$84) -> 0 | AS95: =SUMIF($D$7:$D$84,AL95,$P$7:$P$84) -> 0 | AT95: =SUMIF($D$7:$D$84,AL95,$Q$7:$Q$84) -> 0 | AU95: =SUMIF($D$7:$D$84,AL95,$R$7:$R$84) -> 0 | AV95: =SUMIF($D$7:$D$84,AL95,$S$7:$S$84) -> 0 | AW95: =SUMIF($D$7:$D$84,AL95,$T$7:$T$84) -> 0 | AX95: =SUMIF($D$7:$D$84,AL95,$U$7:$U$84) -> 0 | AY95: =SUMIF($D$7:$D$84,AL95,$V$7:$V$84) -> 0 | AZ95: =SUMIF($D$7:$D$84,AL95,$W$7:$W$84) -> 0 | BA95: =SUMIF($D$7:$D$84,AL95,$X$7:$X$84) -> 0 | BB95: =SUMIF($D$7:$D$84,AL95,$Y$7:$Y$84) -> 0 | BC95: =SUMIF($D$7:$D$84,AL95,$Z$7:$Z$84) -> 0 | BD95: =SUMIF($D$7:$D$84,AL95,$AA$7:$AA$84) -> 0 | BE95: =SUMIF($D$7:$D$84,AL95,$AB$7:$AB$84) -> 0 | BF95: =SUM(AM95:BE95) -> 0
J96: =J92 -> Dead | K96: =K92 -> GC 200 | L96: =L92 -> LED | M96: =M92 -> Noise | N96: =N92 -> Straightness | O96: =O92 -> Speed | P96: =P92 -> Chattering | Q96: =Q92 -> Bounding | ... AB96: =AB92 -> ETC | AC96: 합계 | AG96: L7-30PT-4 | AH96: =SUMIF($D$7:$D$84,AG96,$H$7:$H$84) -> 0 | AI96: =SUMIF($D$7:$D$84,AG96,$G$7:$G$84) -> 0 | AJ96: =IFERROR(AI96*100/AH96,"0") -> 0 | AL96: 12Lf-75F-27 | AM96: =SUMIF($D$7:$D$84,AL96,$J$7:$J$84) -> 0 | AN96: =SUMIF($D$7:$D$84,AL96,$K$7:$K$84) -> 0 | AO96: =SUMIF($D$7:$D$84,AL96,$L$7:$L$84) -> 0 | AP96: =SUMIF($D$7:$D$84,AL96,$M$7:$M$84) -> 0 | AQ96: =SUMIF($D$7:$D$84,AL96,$N$7:$N$84) -> 0 | AR96: =SUMIF($D$7:$D$84,AL96,$O$7:$O$84) -> 0 | AS96: =SUMIF($D$7:$D$84,AL96,$P$7:$P$84) -> 0 | AT96: =SUMIF($D$7:$D$84,AL96,$Q$7:$Q$84) -> 0 | AU96: =SUMIF($D$7:$D$84,AL96,$R$7:$R$84) -> 0 | AV96: =SUMIF($D$7:$D$84,AL96,$S$7:$S$84) -> 0 | AW96: =SUMIF($D$7:$D$84,AL96,$T$7:$T$84) -> 0 | AX96: =SUMIF($D$7:$D$84,AL96,$U$7:$U$84) -> 0 | AY96: =SUMIF($D$7:$D$84,AL96,$V$7:$V$84) -> 0 | AZ96: =SUMIF($D$7:$D$84,AL96,$W$7:$W$84) -> 0 | BA96: =SUMIF($D$7:$D$84,AL96,$X$7:$X$84) -> 0 | BB96: =SUMIF($D$7:$D$84,AL96,$Y$7:$Y$84) -> 0 | BC96: =SUMIF($D$7:$D$84,AL96,$Z$7:$Z$84) -> 0 | BD96: =SUMIF($D$7:$D$84,AL96,$AA$7:$AA$84) -> 0 | BE96: =SUMIF($D$7:$D$84,AL96,$AB$7:$AB$84) -> 0 | BF96: =SUM(AM96:BE96) -> 0
J97: =J93 -> 0 | K97: =K93 -> 1 | L97: =L93 -> 1 | M97: =M93 -> 0 | N97: =N93 -> 0 | O97: =O93 -> 0 | P97: =P93 -> 0 | Q97: =Q93 -> 0 | ... AB97: =AB93 -> 1 | AC97: =SUM(J97:AB97) -> 16 | AG97: L7-30F-4 | AH97: =SUMIF($D$7:$D$84,AG97,$H$7:$H$84) -> 0 | AI97: =SUMIF($D$7:$D$84,AG97,$G$7:$G$84) -> 0 | AJ97: =IFERROR(AI97*100/AH97,"0") -> 0 | AL97: 12Lf-20F-27 | AM97: =SUMIF($D$7:$D$84,AL97,$J$7:$J$84) -> 0 | AN97: =SUMIF($D$7:$D$84,AL97,$K$7:$K$84) -> 0 | AO97: =SUMIF($D$7:$D$84,AL97,$L$7:$L$84) -> 0 | AP97: =SUMIF($D$7:$D$84,AL97,$M$7:$M$84) -> 0 | AQ97: =SUMIF($D$7:$D$84,AL97,$N$7:$N$84) -> 0 | AR97: =SUMIF($D$7:$D$84,AL97,$O$7:$O$84) -> 0 | AS97: =SUMIF($D$7:$D$84,AL97,$P$7:$P$84) -> 0 | AT97: =SUMIF($D$7:$D$84,AL97,$Q$7:$Q$84) -> 0 | AU97: =SUMIF($D$7:$D$84,AL97,$R$7:$R$84) -> 0 | AV97: =SUMIF($D$7:$D$84,AL97,$S$7:$S$84) -> 0 | AW97: =SUMIF($D$7:$D$84,AL97,$T$7:$T$84) -> 0 | AX97: =SUMIF($D$7:$D$84,AL97,$U$7:$U$84) -> 0 | AY97: =SUMIF($D$7:$D$84,AL97,$V$7:$V$84) -> 0 | AZ97: =SUMIF($D$7:$D$84,AL97,$W$7:$W$84) -> 0 | BA97: =SUMIF($D$7:$D$84,AL97,$X$7:$X$84) -> 0 | BB97: =SUMIF($D$7:$D$84,AL97,$Y$7:$Y$84) -> 0 | BC97: =SUMIF($D$7:$D$84,AL97,$Z$7:$Z$84) -> 0 | BD97: =SUMIF($D$7:$D$84,AL97,$AA$7:$AA$84) -> 0 | BE97: =SUMIF($D$7:$D$84,AL97,$AB$7:$AB$84) -> 0 | BF97: =SUM(AM97:BE97) -> 0
J98: =J97*100/AC97 -> 0 | K98: =K97*100/AC97 -> 6.25 | L98: =L97*100/AC97 -> 6.25 | M98: =M97*100/AC97 -> 0 | N98: =N97*100/AC97 -> 0 | O98: =O97*100/AC97 -> 0 | P98: =P97*100/AC97 -> 0 | Q98: =Q97*100/AC97 -> 0 | R98: =R97*100/AC97 -> 37.5 | S98: =S97*100/AC97 -> 0 | T98: =T97*100/AC97 -> 37.5 | U98: =U97*100/AC97 -> 0 | V98: =V97*100/AC97 -> 0 | W98: =W97*100/AC97 -> 6.25 | X98: =X97*100/AC97 -> 0 | Y98: =Y97*100/AC97 -> 0 | Z98: =Z97*100/AC97 -> 0 | AA98: =AA97*100/AC97 -> 0 | AB98: =AB97*100/AC97 -> 6.25 | AC98: =SUM(J98:AB98) -> 100 | AG98: L7-50PT-4 | AH98: =SUMIF($D$7:$D$84,AG98,$H$7:$H$84) -> 0 | AI98: =SUMIF($D$7:$D$84,AG98,$G$7:$G$84) -> 0 | AJ98: =IFERROR(AI98*100/AH98,"0") -> 0 | AL98: 12Lf-12F-27 | AM98: =SUMIF($D$7:$D$84,AL98,$J$7:$J$84) -> 0 | AN98: =SUMIF($D$7:$D$84,AL98,$K$7:$K$84) -> 0 | AO98: =SUMIF($D$7:$D$84,AL98,$L$7:$L$84) -> 0 | AP98: =SUMIF($D$7:$D$84,AL98,$M$7:$M$84) -> 0 | AQ98: =SUMIF($D$7:$D$84,AL98,$N$7:$N$84) -> 0 | AR98: =SUMIF($D$7:$D$84,AL98,$O$7:$O$84) -> 0 | AS98: =SUMIF($D$7:$D$84,AL98,$P$7:$P$84) -> 0 | AT98: =SUMIF($D$7:$D$84,AL98,$Q$7:$Q$84) -> 0 | AU98: =SUMIF($D$7:$D$84,AL98,$R$7:$R$84) -> 0 | AV98: =SUMIF($D$7:$D$84,AL98,$S$7:$S$84) -> 0 | AW98: =SUMIF($D$7:$D$84,AL98,$T$7:$T$84) -> 0 | AX98: =SUMIF($D$7:$D$84,AL98,$U$7:$U$84) -> 0 | AY98: =SUMIF($D$7:$D$84,AL98,$V$7:$V$84) -> 0 | AZ98: =SUMIF($D$7:$D$84,AL98,$W$7:$W$84) -> 1 | BA98: =SUMIF($D$7:$D$84,AL98,$X$7:$X$84) -> 0 | BB98: =SUMIF($D$7:$D$84,AL98,$Y$7:$Y$84) -> 0 | BC98: =SUMIF($D$7:$D$84,AL98,$Z$7:$Z$84) -> 0 | BD98: =SUMIF($D$7:$D$84,AL98,$AA$7:$AA$84) -> 0 | BE98: =SUMIF($D$7:$D$84,AL98,$AB$7:$AB$84) -> 0 | BF98: =SUM(AM98:BE98) -> 1
J99: =J98 -> 0 | K99: =J99+K98 -> 6.25 | L99: =K99+L98 -> 12.5 | M99: =K99+M98 -> 6.25 | N99: =M99+N98 -> 6.25 | O99: =N99+O98 -> 6.25 | P99: =O99+P98 -> 6.25 | Q99: =P99+Q98 -> 6.25 | R99: =Q99+R98 -> 43.75 | S99: =R99+S98 -> 43.75 | T99: =S99+T98 -> 81.25 | U99: =T99+U98 -> 81.25 | ... AB99: =AA99+AB98 -> 93.75 | AG99: L7-50F-4 | AH99: =SUMIF($D$7:$D$84,AG99,$H$7:$H$84) -> 0 | AI99: =SUMIF($D$7:$D$84,AG99,$G$7:$G$84) -> 0 | AJ99: =IFERROR(AI99*100/AH99,"0") -> 0 | AL99: 12Df-6F-27 | AM99: =SUMIF($D$7:$D$84,AL99,$J$7:$J$84) -> 0 | AN99: =SUMIF($D$7:$D$84,AL99,$K$7:$K$84) -> 0 | AO99: =SUMIF($D$7:$D$84,AL99,$L$7:$L$84) -> 0 | AP99: =SUMIF($D$7:$D$84,AL99,$M$7:$M$84) -> 0 | AQ99: =SUMIF($D$7:$D$84,AL99,$N$7:$N$84) -> 0 | AR99: =SUMIF($D$7:$D$84,AL99,$O$7:$O$84) -> 0 | AS99: =SUMIF($D$7:$D$84,AL99,$P$7:$P$84) -> 0 | AT99: =SUMIF($D$7:$D$84,AL99,$Q$7:$Q$84) -> 0 | AU99: =SUMIF($D$7:$D$84,AL99,$R$7:$R$84) -> 0 | AV99: =SUMIF($D$7:$D$84,AL99,$S$7:$S$84) -> 0 | AW99: =SUMIF($D$7:$D$84,AL99,$T$7:$T$84) -> 0 | AX99: =SUMIF($D$7:$D$84,AL99,$U$7:$U$84) -> 0 | AY99: =SUMIF($D$7:$D$84,AL99,$V$7:$V$84) -> 0 | AZ99: =SUMIF($D$7:$D$84,AL99,$W$7:$W$84) -> 0 | BA99: =SUMIF($D$7:$D$84,AL99,$X$7:$X$84) -> 0 | BB99: =SUMIF($D$7:$D$84,AL99,$Y$7:$Y$84) -> 0 | BC99: =SUMIF($D$7:$D$84,AL99,$Z$7:$Z$84) -> 0 | BD99: =SUMIF($D$7:$D$84,AL99,$AA$7:$AA$84) -> 0 | BE99: =SUMIF($D$7:$D$84,AL99,$AB$7:$AB$84) -> 0 | BF99: =SUM(AM99:BE99) -> 0
A100: Model | B100: 불량% | AG100: L7-80PT-4 | AH100: =SUMIF($D$7:$D$84,AG100,$H$7:$H$84) -> 0 | AI100: =SUMIF($D$7:$D$84,AG100,$G$7:$G$84) -> 0 | AJ100: =IFERROR(AI100*100/AH100,"0") -> 0 | AL100: 12Df-12F-27 | AM100: =SUMIF($D$7:$D$84,AL100,$J$7:$J$84) -> 0 | AN100: =SUMIF($D$7:$D$84,AL100,$K$7:$K$84) -> 0 | AO100: =SUMIF($D$7:$D$84,AL100,$L$7:$L$84) -> 0 | AP100: =SUMIF($D$7:$D$84,AL100,$M$7:$M$84) -> 0 | AQ100: =SUMIF($D$7:$D$84,AL100,$N$7:$N$84) -> 0 | AR100: =SUMIF($D$7:$D$84,AL100,$O$7:$O$84) -> 0 | AS100: =SUMIF($D$7:$D$84,AL100,$P$7:$P$84) -> 0 | AT100: =SUMIF($D$7:$D$84,AL100,$Q$7:$Q$84) -> 0 | AU100: =SUMIF($D$7:$D$84,AL100,$R$7:$R$84) -> 0 | AV100: =SUMIF($D$7:$D$84,AL100,$S$7:$S$84) -> 0 | AW100: =SUMIF($D$7:$D$84,AL100,$T$7:$T$84) -> 0 | AX100: =SUMIF($D$7:$D$84,AL100,$U$7:$U$84) -> 0 | AY100: =SUMIF($D$7:$D$84,AL100,$V$7:$V$84) -> 0 | AZ100: =SUMIF($D$7:$D$84,AL100,$W$7:$W$84) -> 0 | BA100: =SUMIF($D$7:$D$84,AL100,$X$7:$X$84) -> 0 | BB100: =SUMIF($D$7:$D$84,AL100,$Y$7:$Y$84) -> 0 | BC100: =SUMIF($D$7:$D$84,AL100,$Z$7:$Z$84) -> 0 | BD100: =SUMIF($D$7:$D$84,AL100,$AA$7:$AA$84) -> 0 | BE100: =SUMIF($D$7:$D$84,AL100,$AB$7:$AB$84) -> 0 | BF100: =SUM(AM100:BE100) -> 0
A101: 12Lf-17F-40 | B101: =IFERROR(VLOOKUP(A101,$AG$8:$AJ$187,4,0),"") -> 14.634146 | T101: Mini V | U101: SW V | V101: 길이 V | W101: ACC | X101: 합계 | AG101: L7-80F-4 | AH101: =SUMIF($D$7:$D$84,AG101,$H$7:$H$84) -> 0 | AI101: =SUMIF($D$7:$D$84,AG101,$G$7:$G$84) -> 0 | AJ101: =IFERROR(AI101*100/AH101,"0") -> 0 | AL101: 12Df-6PT-27 | AM101: =SUMIF($D$7:$D$84,AL101,$J$7:$J$84) -> 0 | AN101: =SUMIF($D$7:$D$84,AL101,$K$7:$K$84) -> 0 | AO101: =SUMIF($D$7:$D$84,AL101,$L$7:$L$84) -> 0 | AP101: =SUMIF($D$7:$D$84,AL101,$M$7:$M$84) -> 0 | AQ101: =SUMIF($D$7:$D$84,AL101,$N$7:$N$84) -> 0 | AR101: =SUMIF($D$7:$D$84,AL101,$O$7:$O$84) -> 0 | AS101: =SUMIF($D$7:$D$84,AL101,$P$7:$P$84) -> 0 | AT101: =SUMIF($D$7:$D$84,AL101,$Q$7:$Q$84) -> 0 | AU101: =SUMIF($D$7:$D$84,AL101,$R$7:$R$84) -> 0 | AV101: =SUMIF($D$7:$D$84,AL101,$S$7:$S$84) -> 0 | AW101: =SUMIF($D$7:$D$84,AL101,$T$7:$T$84) -> 0 | AX101: =SUMIF($D$7:$D$84,AL101,$U$7:$U$84) -> 0 | AY101: =SUMIF($D$7:$D$84,AL101,$V$7:$V$84) -> 0 | AZ101: =SUMIF($D$7:$D$84,AL101,$W$7:$W$84) -> 0 | BA101: =SUMIF($D$7:$D$84,AL101,$X$7:$X$84) -> 0 | BB101: =SUMIF($D$7:$D$84,AL101,$Y$7:$Y$84) -> 0 | BC101: =SUMIF($D$7:$D$84,AL101,$Z$7:$Z$84) -> 0 | BD101: =SUMIF($D$7:$D$84,AL101,$AA$7:$AA$84) -> 0 | BE101: =SUMIF($D$7:$D$84,AL101,$AB$7:$AB$84) -> 0 | BF101: =SUM(AM101:BE101) -> 0
A102: L12-80F-4 | B102: =IFERROR(VLOOKUP(A102,$AG$8:$AJ$187,4,0),"") -> 10.714286 | S102: Standard UPH | T102: 2.5 | U102: 2.8 | V102: 2.1 | W102: 20 | AG102: L7-20PT-6 | AH102: =SUMIF($D$7:$D$84,AG102,$H$7:$H$84) -> 0 | AI102: =SUMIF($D$7:$D$84,AG102,$G$7:$G$84) -> 0 | AJ102: =IFERROR(AI102*100/AH102,"0") -> 0 | AL102: 12Df-12PT-27 | AM102: =SUMIF($D$7:$D$84,AL102,$J$7:$J$84) -> 0 | AN102: =SUMIF($D$7:$D$84,AL102,$K$7:$K$84) -> 0 | AO102: =SUMIF($D$7:$D$84,AL102,$L$7:$L$84) -> 0 | AP102: =SUMIF($D$7:$D$84,AL102,$M$7:$M$84) -> 0 | AQ102: =SUMIF($D$7:$D$84,AL102,$N$7:$N$84) -> 0 | AR102: =SUMIF($D$7:$D$84,AL102,$O$7:$O$84) -> 0 | AS102: =SUMIF($D$7:$D$84,AL102,$P$7:$P$84) -> 0 | AT102: =SUMIF($D$7:$D$84,AL102,$Q$7:$Q$84) -> 0 | AU102: =SUMIF($D$7:$D$84,AL102,$R$7:$R$84) -> 0 | AV102: =SUMIF($D$7:$D$84,AL102,$S$7:$S$84) -> 0 | AW102: =SUMIF($D$7:$D$84,AL102,$T$7:$T$84) -> 0 | AX102: =SUMIF($D$7:$D$84,AL102,$U$7:$U$84) -> 0 | AY102: =SUMIF($D$7:$D$84,AL102,$V$7:$V$84) -> 0 | AZ102: =SUMIF($D$7:$D$84,AL102,$W$7:$W$84) -> 0 | BA102: =SUMIF($D$7:$D$84,AL102,$X$7:$X$84) -> 0 | BB102: =SUMIF($D$7:$D$84,AL102,$Y$7:$Y$84) -> 0 | BC102: =SUMIF($D$7:$D$84,AL102,$Z$7:$Z$84) -> 0 | BD102: =SUMIF($D$7:$D$84,AL102,$AA$7:$AA$84) -> 0 | BE102: =SUMIF($D$7:$D$84,AL102,$AB$7:$AB$84) -> 0 | BF102: =SUM(AM102:BE102) -> 0
A103: 12Lf-20PT-27 | B103: =IFERROR(VLOOKUP(A103,$AG$8:$AJ$187,4,0),"") -> 9.0909091 | S103: 양품수 | T103: =SUM(AH8:AH65)-SUM(AI8:AI65) -> 348 | U103: =SUM(AH66:AH76)-SUM(AI66:AI76) -> 20 | V103: =SUM(AH77:AH176)-SUM(AI77:AI176) -> 165 | W103: =SUM(AH177:AH187)-SUM(AI177:AI187) -> 0 | X103: =SUM(T103:W103) -> 533 | AG103: L7-20F-6 | AH103: =SUMIF($D$7:$D$84,AG103,$H$7:$H$84) -> 0 | AI103: =SUMIF($D$7:$D$84,AG103,$G$7:$G$84) -> 0 | AJ103: =IFERROR(AI103*100/AH103,"0") -> 0 | AL103: 12Lf-12PT-27 | AM103: =SUMIF($D$7:$D$84,AL103,$J$7:$J$84) -> 0 | AN103: =SUMIF($D$7:$D$84,AL103,$K$7:$K$84) -> 0 | AO103: =SUMIF($D$7:$D$84,AL103,$L$7:$L$84) -> 0 | AP103: =SUMIF($D$7:$D$84,AL103,$M$7:$M$84) -> 0 | AQ103: =SUMIF($D$7:$D$84,AL103,$N$7:$N$84) -> 0 | AR103: =SUMIF($D$7:$D$84,AL103,$O$7:$O$84) -> 0 | AS103: =SUMIF($D$7:$D$84,AL103,$P$7:$P$84) -> 0 | AT103: =SUMIF($D$7:$D$84,AL103,$Q$7:$Q$84) -> 0 | AU103: =SUMIF($D$7:$D$84,AL103,$R$7:$R$84) -> 0 | AV103: =SUMIF($D$7:$D$84,AL103,$S$7:$S$84) -> 0 | AW103: =SUMIF($D$7:$D$84,AL103,$T$7:$T$84) -> 0 | AX103: =SUMIF($D$7:$D$84,AL103,$U$7:$U$84) -> 0 | AY103: =SUMIF($D$7:$D$84,AL103,$V$7:$V$84) -> 0 | AZ103: =SUMIF($D$7:$D$84,AL103,$W$7:$W$84) -> 0 | BA103: =SUMIF($D$7:$D$84,AL103,$X$7:$X$84) -> 0 | BB103: =SUMIF($D$7:$D$84,AL103,$Y$7:$Y$84) -> 0 | BC103: =SUMIF($D$7:$D$84,AL103,$Z$7:$Z$84) -> 0 | BD103: =SUMIF($D$7:$D$84,AL103,$AA$7:$AA$84) -> 0 | BE103: =SUMIF($D$7:$D$84,AL103,$AB$7:$AB$84) -> 0 | BF103: =SUM(AM103:BE103) -> 0
A104: 12Lf-27PT-90 | B104: =IFERROR(VLOOKUP(A104,$AG$8:$AJ$187,4,0),"") -> 6.25 | S104: 점유% | T104: =IFERROR(T103*100/X103,"0") -> 65.290807 | U104: =IFERROR(U103*100/X103,"0") -> 3.7523452 | V104: =IFERROR(V103*100/X103,"0") -> 30.956848 | W104: =IFERROR(W103*100/X103,"0") -> 0 | X104: =SUM(T104:W104) -> 100 | AG104: L7-30PT-6 | AH104: =SUMIF($D$7:$D$84,AG104,$H$7:$H$84) -> 0 | AI104: =SUMIF($D$7:$D$84,AG104,$G$7:$G$84) -> 0 | AJ104: =IFERROR(AI104*100/AH104,"0") -> 0 | AL104: 12Lf-20PT-27 | AM104: =SUMIF($D$7:$D$84,AL104,$J$7:$J$84) -> 0 | AN104: =SUMIF($D$7:$D$84,AL104,$K$7:$K$84) -> 0 | AO104: =SUMIF($D$7:$D$84,AL104,$L$7:$L$84) -> 1 | AP104: =SUMIF($D$7:$D$84,AL104,$M$7:$M$84) -> 0 | AQ104: =SUMIF($D$7:$D$84,AL104,$N$7:$N$84) -> 0 | AR104: =SUMIF($D$7:$D$84,AL104,$O$7:$O$84) -> 0 | AS104: =SUMIF($D$7:$D$84,AL104,$P$7:$P$84) -> 0 | AT104: =SUMIF($D$7:$D$84,AL104,$Q$7:$Q$84) -> 0 | AU104: =SUMIF($D$7:$D$84,AL104,$R$7:$R$84) -> 0 | AV104: =SUMIF($D$7:$D$84,AL104,$S$7:$S$84) -> 0 | AW104: =SUMIF($D$7:$D$84,AL104,$T$7:$T$84) -> 0 | AX104: =SUMIF($D$7:$D$84,AL104,$U$7:$U$84) -> 0 | AY104: =SUMIF($D$7:$D$84,AL104,$V$7:$V$84) -> 0 | AZ104: =SUMIF($D$7:$D$84,AL104,$W$7:$W$84) -> 0 | BA104: =SUMIF($D$7:$D$84,AL104,$X$7:$X$84) -> 0 | BB104: =SUMIF($D$7:$D$84,AL104,$Y$7:$Y$84) -> 0 | BC104: =SUMIF($D$7:$D$84,AL104,$Z$7:$Z$84) -> 0 | BD104: =SUMIF($D$7:$D$84,AL104,$AA$7:$AA$84) -> 0 | BE104: =SUMIF($D$7:$D$84,AL104,$AB$7:$AB$84) -> 0 | BF104: =SUM(AM104:BE104) -> 1
A105: 12Lf-12F-27 | B105: =IFERROR(VLOOKUP(A105,$AG$8:$AJ$187,4,0),"") -> 2.1276596 | S105: UPH | T105: =IFERROR(T104/X104,"0") -> 0.65290807 | U105: =IFERROR(U104/X104,"0") -> 0.037523452 | V105: =IFERROR(V104/X104,"0") -> 0.30956848 | W105: =IFERROR(W104/X104,"0") -> 0 | X105: =SUM(T105:W105) -> 1 | AG105: L7-30F-6 | AH105: =SUMIF($D$7:$D$84,AG105,$H$7:$H$84) -> 0 | AI105: =SUMIF($D$7:$D$84,AG105,$G$7:$G$84) -> 0 | AJ105: =IFERROR(AI105*100/AH105,"0") -> 0 | AL105: 12Lf-35PT-27 | AM105: =SUMIF($D$7:$D$84,AL105,$J$7:$J$84) -> 0 | AN105: =SUMIF($D$7:$D$84,AL105,$K$7:$K$84) -> 0 | AO105: =SUMIF($D$7:$D$84,AL105,$L$7:$L$84) -> 0 | AP105: =SUMIF($D$7:$D$84,AL105,$M$7:$M$84) -> 0 | AQ105: =SUMIF($D$7:$D$84,AL105,$N$7:$N$84) -> 0 | AR105: =SUMIF($D$7:$D$84,AL105,$O$7:$O$84) -> 0 | AS105: =SUMIF($D$7:$D$84,AL105,$P$7:$P$84) -> 0 | AT105: =SUMIF($D$7:$D$84,AL105,$Q$7:$Q$84) -> 0 | AU105: =SUMIF($D$7:$D$84,AL105,$R$7:$R$84) -> 0 | AV105: =SUMIF($D$7:$D$84,AL105,$S$7:$S$84) -> 0 | AW105: =SUMIF($D$7:$D$84,AL105,$T$7:$T$84) -> 0 | AX105: =SUMIF($D$7:$D$84,AL105,$U$7:$U$84) -> 0 | AY105: =SUMIF($D$7:$D$84,AL105,$V$7:$V$84) -> 0 | AZ105: =SUMIF($D$7:$D$84,AL105,$W$7:$W$84) -> 0 | BA105: =SUMIF($D$7:$D$84,AL105,$X$7:$X$84) -> 0 | BB105: =SUMIF($D$7:$D$84,AL105,$Y$7:$Y$84) -> 0 | BC105: =SUMIF($D$7:$D$84,AL105,$Z$7:$Z$84) -> 0 | BD105: =SUMIF($D$7:$D$84,AL105,$AA$7:$AA$84) -> 0 | BE105: =SUMIF($D$7:$D$84,AL105,$AB$7:$AB$84) -> 0 | BF105: =SUM(AM105:BE105) -> 0
A106: 12Lf-10F-40 | B106: =IFERROR(VLOOKUP(A106,$AG$8:$AJ$187,4,0),"") -> 0 | T106: =IFERROR(T102*T105,"0") -> 1.6322702 | U106: =IFERROR(U102*U105,"0") -> 0.10506567 | V106: =IFERROR(V102*V105,"0") -> 0.65009381 | W106: =IFERROR(W102*W105,"0") -> 0 | X106: =SUM(T106:W106) -> 2.3874296 | AG106: L7-50PT-6 | AH106: =SUMIF($D$7:$D$84,AG106,$H$7:$H$84) -> 0 | AI106: =SUMIF($D$7:$D$84,AG106,$G$7:$G$84) -> 0 | AJ106: =IFERROR(AI106*100/AH106,"0") -> 0 | AL106: 12Lf-55PT-27 | AM106: =SUMIF($D$7:$D$84,AL106,$J$7:$J$84) -> 0 | AN106: =SUMIF($D$7:$D$84,AL106,$K$7:$K$84) -> 0 | AO106: =SUMIF($D$7:$D$84,AL106,$L$7:$L$84) -> 0 | AP106: =SUMIF($D$7:$D$84,AL106,$M$7:$M$84) -> 0 | AQ106: =SUMIF($D$7:$D$84,AL106,$N$7:$N$84) -> 0 | AR106: =SUMIF($D$7:$D$84,AL106,$O$7:$O$84) -> 0 | AS106: =SUMIF($D$7:$D$84,AL106,$P$7:$P$84) -> 0 | AT106: =SUMIF($D$7:$D$84,AL106,$Q$7:$Q$84) -> 0 | AU106: =SUMIF($D$7:$D$84,AL106,$R$7:$R$84) -> 0 | AV106: =SUMIF($D$7:$D$84,AL106,$S$7:$S$84) -> 0 | AW106: =SUMIF($D$7:$D$84,AL106,$T$7:$T$84) -> 0 | AX106: =SUMIF($D$7:$D$84,AL106,$U$7:$U$84) -> 0 | AY106: =SUMIF($D$7:$D$84,AL106,$V$7:$V$84) -> 0 | AZ106: =SUMIF($D$7:$D$84,AL106,$W$7:$W$84) -> 0 | BA106: =SUMIF($D$7:$D$84,AL106,$X$7:$X$84) -> 0 | BB106: =SUMIF($D$7:$D$84,AL106,$Y$7:$Y$84) -> 0 | BC106: =SUMIF($D$7:$D$84,AL106,$Z$7:$Z$84) -> 0 | BD106: =SUMIF($D$7:$D$84,AL106,$AA$7:$AA$84) -> 0 | BE106: =SUMIF($D$7:$D$84,AL106,$AB$7:$AB$84) -> 0 | BF106: =SUM(AM106:BE106) -> 0
A107: LS2L-03EL | B107: =IFERROR(VLOOKUP(A107,$AG$8:$AJ$187,4,0),"") -> 0 | AG107: L7-50F-6 | AH107: =SUMIF($D$7:$D$84,AG107,$H$7:$H$84) -> 0 | AI107: =SUMIF($D$7:$D$84,AG107,$G$7:$G$84) -> 0 | AJ107: =IFERROR(AI107*100/AH107,"0") -> 0 | AL107: 12Lf-75PT-27 | AM107: =SUMIF($D$7:$D$84,AL107,$J$7:$J$84) -> 0 | AN107: =SUMIF($D$7:$D$84,AL107,$K$7:$K$84) -> 0 | AO107: =SUMIF($D$7:$D$84,AL107,$L$7:$L$84) -> 0 | AP107: =SUMIF($D$7:$D$84,AL107,$M$7:$M$84) -> 0 | AQ107: =SUMIF($D$7:$D$84,AL107,$N$7:$N$84) -> 0 | AR107: =SUMIF($D$7:$D$84,AL107,$O$7:$O$84) -> 0 | AS107: =SUMIF($D$7:$D$84,AL107,$P$7:$P$84) -> 0 | AT107: =SUMIF($D$7:$D$84,AL107,$Q$7:$Q$84) -> 0 | AU107: =SUMIF($D$7:$D$84,AL107,$R$7:$R$84) -> 0 | AV107: =SUMIF($D$7:$D$84,AL107,$S$7:$S$84) -> 0 | AW107: =SUMIF($D$7:$D$84,AL107,$T$7:$T$84) -> 0 | AX107: =SUMIF($D$7:$D$84,AL107,$U$7:$U$84) -> 0 | AY107: =SUMIF($D$7:$D$84,AL107,$V$7:$V$84) -> 0 | AZ107: =SUMIF($D$7:$D$84,AL107,$W$7:$W$84) -> 0 | BA107: =SUMIF($D$7:$D$84,AL107,$X$7:$X$84) -> 0 | BB107: =SUMIF($D$7:$D$84,AL107,$Y$7:$Y$84) -> 0 | BC107: =SUMIF($D$7:$D$84,AL107,$Z$7:$Z$84) -> 0 | BD107: =SUMIF($D$7:$D$84,AL107,$AA$7:$AA$84) -> 0 | BE107: =SUMIF($D$7:$D$84,AL107,$AB$7:$AB$84) -> 0 | BF107: =SUM(AM107:BE107) -> 0
A108: L7-6PT-3 | B108: =IFERROR(VLOOKUP(A108,$AG$8:$AJ$187,4,0),"") -> 0 | AG108: L7-80PT-6 | AH108: =SUMIF($D$7:$D$84,AG108,$H$7:$H$84) -> 0 | AI108: =SUMIF($D$7:$D$84,AG108,$G$7:$G$84) -> 0 | AJ108: =IFERROR(AI108*100/AH108,"0") -> 0 | AL108: 12Lf-100PT-27 | AM108: =SUMIF($D$7:$D$84,AL108,$J$7:$J$84) -> 0 | AN108: =SUMIF($D$7:$D$84,AL108,$K$7:$K$84) -> 0 | AO108: =SUMIF($D$7:$D$84,AL108,$L$7:$L$84) -> 0 | AP108: =SUMIF($D$7:$D$84,AL108,$M$7:$M$84) -> 0 | AQ108: =SUMIF($D$7:$D$84,AL108,$N$7:$N$84) -> 0 | AR108: =SUMIF($D$7:$D$84,AL108,$O$7:$O$84) -> 0 | AS108: =SUMIF($D$7:$D$84,AL108,$P$7:$P$84) -> 0 | AT108: =SUMIF($D$7:$D$84,AL108,$Q$7:$Q$84) -> 0 | AU108: =SUMIF($D$7:$D$84,AL108,$R$7:$R$84) -> 0 | AV108: =SUMIF($D$7:$D$84,AL108,$S$7:$S$84) -> 0 | AW108: =SUMIF($D$7:$D$84,AL108,$T$7:$T$84) -> 0 | AX108: =SUMIF($D$7:$D$84,AL108,$U$7:$U$84) -> 0 | AY108: =SUMIF($D$7:$D$84,AL108,$V$7:$V$84) -> 0 | AZ108: =SUMIF($D$7:$D$84,AL108,$W$7:$W$84) -> 0 | BA108: =SUMIF($D$7:$D$84,AL108,$X$7:$X$84) -> 0 | BB108: =SUMIF($D$7:$D$84,AL108,$Y$7:$Y$84) -> 0 | BC108: =SUMIF($D$7:$D$84,AL108,$Z$7:$Z$84) -> 0 | BD108: =SUMIF($D$7:$D$84,AL108,$AA$7:$AA$84) -> 0 | BE108: =SUMIF($D$7:$D$84,AL108,$AB$7:$AB$84) -> 0 | BF108: =SUM(AM108:BE108) -> 0
A109: L7-12PT-3 | B109: =IFERROR(VLOOKUP(A109,$AG$8:$AJ$187,4,0),"") -> 0 | AG109: L7-80F-6 | AH109: =SUMIF($D$7:$D$84,AG109,$H$7:$H$84) -> 0 | AI109: =SUMIF($D$7:$D$84,AG109,$G$7:$G$84) -> 0 | AJ109: =IFERROR(AI109*100/AH109,"0") -> 0 | AL109: 12Lf-10PT-40 | AM109: =SUMIF($D$7:$D$84,AL109,$J$7:$J$84) -> 0 | AN109: =SUMIF($D$7:$D$84,AL109,$K$7:$K$84) -> 0 | AO109: =SUMIF($D$7:$D$84,AL109,$L$7:$L$84) -> 0 | AP109: =SUMIF($D$7:$D$84,AL109,$M$7:$M$84) -> 0 | AQ109: =SUMIF($D$7:$D$84,AL109,$N$7:$N$84) -> 0 | AR109: =SUMIF($D$7:$D$84,AL109,$O$7:$O$84) -> 0 | AS109: =SUMIF($D$7:$D$84,AL109,$P$7:$P$84) -> 0 | AT109: =SUMIF($D$7:$D$84,AL109,$Q$7:$Q$84) -> 0 | AU109: =SUMIF($D$7:$D$84,AL109,$R$7:$R$84) -> 0 | AV109: =SUMIF($D$7:$D$84,AL109,$S$7:$S$84) -> 0 | AW109: =SUMIF($D$7:$D$84,AL109,$T$7:$T$84) -> 0 | AX109: =SUMIF($D$7:$D$84,AL109,$U$7:$U$84) -> 0 | AY109: =SUMIF($D$7:$D$84,AL109,$V$7:$V$84) -> 0 | AZ109: =SUMIF($D$7:$D$84,AL109,$W$7:$W$84) -> 0 | BA109: =SUMIF($D$7:$D$84,AL109,$X$7:$X$84) -> 0 | BB109: =SUMIF($D$7:$D$84,AL109,$Y$7:$Y$84) -> 0 | BC109: =SUMIF($D$7:$D$84,AL109,$Z$7:$Z$84) -> 0 | BD109: =SUMIF($D$7:$D$84,AL109,$AA$7:$AA$84) -> 0 | BE109: =SUMIF($D$7:$D$84,AL109,$AB$7:$AB$84) -> 0 | BF109: =SUM(AM109:BE109) -> 0
A110: L7-13PT-3 | B110: =IFERROR(VLOOKUP(A110,$AG$8:$AJ$187,4,0),"") -> 0 | AG110: L12-20PT-10 | AH110: =SUMIF($D$7:$D$84,AG110,$H$7:$H$84) -> 0 | AI110: =SUMIF($D$7:$D$84,AG110,$G$7:$G$84) -> 0 | AJ110: =IFERROR(AI110*100/AH110,"0") -> 0 | AL110: 12Lf-12PT-40 | AM110: =SUMIF($D$7:$D$84,AL110,$J$7:$J$84) -> 0 | AN110: =SUMIF($D$7:$D$84,AL110,$K$7:$K$84) -> 0 | AO110: =SUMIF($D$7:$D$84,AL110,$L$7:$L$84) -> 0 | AP110: =SUMIF($D$7:$D$84,AL110,$M$7:$M$84) -> 0 | AQ110: =SUMIF($D$7:$D$84,AL110,$N$7:$N$84) -> 0 | AR110: =SUMIF($D$7:$D$84,AL110,$O$7:$O$84) -> 0 | AS110: =SUMIF($D$7:$D$84,AL110,$P$7:$P$84) -> 0 | AT110: =SUMIF($D$7:$D$84,AL110,$Q$7:$Q$84) -> 0 | AU110: =SUMIF($D$7:$D$84,AL110,$R$7:$R$84) -> 0 | AV110: =SUMIF($D$7:$D$84,AL110,$S$7:$S$84) -> 0 | AW110: =SUMIF($D$7:$D$84,AL110,$T$7:$T$84) -> 0 | AX110: =SUMIF($D$7:$D$84,AL110,$U$7:$U$84) -> 0 | AY110: =SUMIF($D$7:$D$84,AL110,$V$7:$V$84) -> 0 | AZ110: =SUMIF($D$7:$D$84,AL110,$W$7:$W$84) -> 0 | BA110: =SUMIF($D$7:$D$84,AL110,$X$7:$X$84) -> 0 | BB110: =SUMIF($D$7:$D$84,AL110,$Y$7:$Y$84) -> 0 | BC110: =SUMIF($D$7:$D$84,AL110,$Z$7:$Z$84) -> 0 | BD110: =SUMIF($D$7:$D$84,AL110,$AA$7:$AA$84) -> 0 | BE110: =SUMIF($D$7:$D$84,AL110,$AB$7:$AB$84) -> 0 | BF110: =SUM(AM110:BE110) -> 0
A111: L7-20PT-3 | B111: =IFERROR(VLOOKUP(A111,$AG$8:$AJ$187,4,0),"") -> 0 | AG111: L12-20F-10 | AH111: =SUMIF($D$7:$D$84,AG111,$H$7:$H$84) -> 0 | AI111: =SUMIF($D$7:$D$84,AG111,$G$7:$G$84) -> 0 | AJ111: =IFERROR(AI111*100/AH111,"0") -> 0 | AL111: 12Lf-17PT-40 | AM111: =SUMIF($D$7:$D$84,AL111,$J$7:$J$84) -> 0 | AN111: =SUMIF($D$7:$D$84,AL111,$K$7:$K$84) -> 0 | AO111: =SUMIF($D$7:$D$84,AL111,$L$7:$L$84) -> 0 | AP111: =SUMIF($D$7:$D$84,AL111,$M$7:$M$84) -> 0 | AQ111: =SUMIF($D$7:$D$84,AL111,$N$7:$N$84) -> 0 | AR111: =SUMIF($D$7:$D$84,AL111,$O$7:$O$84) -> 0 | AS111: =SUMIF($D$7:$D$84,AL111,$P$7:$P$84) -> 0 | AT111: =SUMIF($D$7:$D$84,AL111,$Q$7:$Q$84) -> 0 | AU111: =SUMIF($D$7:$D$84,AL111,$R$7:$R$84) -> 0 | AV111: =SUMIF($D$7:$D$84,AL111,$S$7:$S$84) -> 0 | AW111: =SUMIF($D$7:$D$84,AL111,$T$7:$T$84) -> 0 | AX111: =SUMIF($D$7:$D$84,AL111,$U$7:$U$84) -> 0 | AY111: =SUMIF($D$7:$D$84,AL111,$V$7:$V$84) -> 0 | AZ111: =SUMIF($D$7:$D$84,AL111,$W$7:$W$84) -> 0 | BA111: =SUMIF($D$7:$D$84,AL111,$X$7:$X$84) -> 0 | BB111: =SUMIF($D$7:$D$84,AL111,$Y$7:$Y$84) -> 0 | BC111: =SUMIF($D$7:$D$84,AL111,$Z$7:$Z$84) -> 0 | BD111: =SUMIF($D$7:$D$84,AL111,$AA$7:$AA$84) -> 0 | BE111: =SUMIF($D$7:$D$84,AL111,$AB$7:$AB$84) -> 0 | BF111: =SUM(AM111:BE111) -> 0
